TimestampLocal,TimestampLocal.total_count,parkade
2015-01-01 0:00,53,Thunderbird
2015-01-02 0:00,113,Thunderbird
2015-01-03 0:00,665,Thunderbird
2015-01-04 0:00,778,Thunderbird
2015-01-05 0:00,757,Thunderbird
2015-01-06 0:00,637,Thunderbird
2015-01-07 0:00,259,Thunderbird
2015-01-08 0:00,364,Thunderbird
2015-01-09 0:00,1054,Thunderbird
2015-01-10 0:00,1906,Thunderbird
2015-01-11 0:00,1856,Thunderbird
2015-01-12 0:00,1747,Thunderbird
2015-01-13 0:00,1677,Thunderbird
2015-01-14 0:00,618,Thunderbird
2015-01-15 0:00,1995,Thunderbird
2015-01-16 0:00,2010,Thunderbird
2015-01-17 0:00,2758,Thunderbird
2015-01-18 0:00,1646,Thunderbird
2015-01-19 0:00,1749,Thunderbird
2015-01-20 0:00,1954,Thunderbird
2015-01-21 0:00,724,Thunderbird
2015-01-22 0:00,551,Thunderbird
2015-01-23 0:00,1665,Thunderbird
2015-01-24 0:00,1688,Thunderbird
2015-01-25 0:00,1580,Thunderbird
2015-01-26 0:00,1755,Thunderbird
2015-01-27 0:00,1222,Thunderbird
2015-01-28 0:00,689,Thunderbird
2015-01-29 0:00,488,Thunderbird
2015-01-30 0:00,1800,Thunderbird
2015-01-31 0:00,1803,Thunderbird
2015-02-01 0:00,1679,Thunderbird
2015-02-02 0:00,2276,Thunderbird
2015-02-03 0:00,761,Thunderbird
2015-02-04 0:00,265,Thunderbird
2015-02-05 0:00,889,Thunderbird
2015-02-06 0:00,1636,Thunderbird
2015-02-07 0:00,1884,Thunderbird
2015-02-08 0:00,1350,Thunderbird
2015-02-09 0:00,1138,Thunderbird
2015-02-10 0:00,518,Thunderbird
2015-02-11 0:00,436,Thunderbird
2015-02-12 0:00,1231,Thunderbird
2015-02-13 0:00,1347,Thunderbird
2015-02-14 0:00,1147,Thunderbird
2015-02-15 0:00,1366,Thunderbird
2015-02-16 0:00,1012,Thunderbird
2015-02-17 0:00,677,Thunderbird
2015-02-18 0:00,767,Thunderbird
2015-02-19 0:00,969,Thunderbird
2015-02-20 0:00,1018,Thunderbird
2015-02-21 0:00,956,Thunderbird
2015-02-22 0:00,950,Thunderbird
2015-02-23 0:00,1150,Thunderbird
2015-02-24 0:00,1248,Thunderbird
2015-02-25 0:00,1467,Thunderbird
2015-02-26 0:00,1638,Thunderbird
2015-02-27 0:00,1055,Thunderbird
2015-02-28 0:00,537,Thunderbird
2015-03-01 0:00,1144,Thunderbird
2015-03-02 0:00,1033,Thunderbird
2015-03-03 0:00,1075,Thunderbird
2015-03-04 0:00,470,Thunderbird
2015-03-05 0:00,1303,Thunderbird
2015-03-06 0:00,2047,Thunderbird
2015-03-07 0:00,1871,Thunderbird
2015-03-08 0:00,1334,Thunderbird
2015-03-09 0:00,1726,Thunderbird
2015-03-10 0:00,733,Thunderbird
2015-03-11 0:00,543,Thunderbird
2015-03-12 0:00,1157,Thunderbird
2015-03-13 0:00,1120,Thunderbird
2015-03-14 0:00,2161,Thunderbird
2015-03-15 0:00,1364,Thunderbird
2015-03-16 0:00,993,Thunderbird
2015-03-17 0:00,466,Thunderbird
2015-03-18 0:00,611,Thunderbird
2015-03-19 0:00,1550,Thunderbird
2015-03-20 0:00,1257,Thunderbird
2015-03-21 0:00,861,Thunderbird
2015-03-22 0:00,1164,Thunderbird
2015-03-23 0:00,1021,Thunderbird
2015-03-24 0:00,409,Thunderbird
2015-03-25 0:00,578,Thunderbird
2015-03-26 0:00,1323,Thunderbird
2015-03-27 0:00,1116,Thunderbird
2015-03-28 0:00,1025,Thunderbird
2015-03-29 0:00,1224,Thunderbird
2015-03-30 0:00,477,Thunderbird
2015-03-31 0:00,878,Thunderbird
2015-04-01 0:00,1337,Thunderbird
2015-04-02 0:00,1191,Thunderbird
2015-04-03 0:00,1290,Thunderbird
2015-04-04 0:00,296,Thunderbird
2015-04-05 0:00,472,Thunderbird
2015-04-06 0:00,1328,Thunderbird
2015-04-07 0:00,2137,Thunderbird
2015-04-08 0:00,2470,Thunderbird
2015-04-09 0:00,1561,Thunderbird
2015-04-10 0:00,625,Thunderbird
2015-04-11 0:00,397,Thunderbird
2015-04-12 0:00,916,Thunderbird
2015-04-13 0:00,1618,Thunderbird
2015-04-14 0:00,1503,Thunderbird
2015-04-15 0:00,1685,Thunderbird
2015-04-16 0:00,1256,Thunderbird
2015-04-17 0:00,1186,Thunderbird
2015-04-18 0:00,361,Thunderbird
2015-04-19 0:00,1161,Thunderbird
2015-04-20 0:00,2031,Thunderbird
2015-04-21 0:00,1358,Thunderbird
2015-04-22 0:00,1145,Thunderbird
2015-04-23 0:00,866,Thunderbird
2015-04-24 0:00,280,Thunderbird
2015-04-25 0:00,435,Thunderbird
2015-04-26 0:00,1289,Thunderbird
2015-04-27 0:00,1638,Thunderbird
2015-04-28 0:00,1217,Thunderbird
2015-04-29 0:00,1793,Thunderbird
2015-04-30 0:00,834,Thunderbird
2015-05-01 0:00,294,Thunderbird
2015-05-02 0:00,504,Thunderbird
2015-05-03 0:00,721,Thunderbird
2015-05-04 0:00,757,Thunderbird
2015-05-05 0:00,558,Thunderbird
2015-05-06 0:00,918,Thunderbird
2015-05-07 0:00,477,Thunderbird
2015-05-08 0:00,295,Thunderbird
2015-05-09 0:00,512,Thunderbird
2015-05-10 0:00,844,Thunderbird
2015-05-11 0:00,719,Thunderbird
2015-05-12 0:00,838,Thunderbird
2015-05-13 0:00,825,Thunderbird
2015-05-14 0:00,402,Thunderbird
2015-05-15 0:00,305,Thunderbird
2015-05-16 0:00,407,Thunderbird
2015-05-17 0:00,1040,Thunderbird
2015-05-18 0:00,739,Thunderbird
2015-05-19 0:00,605,Thunderbird
2015-05-20 0:00,747,Thunderbird
2015-05-21 0:00,668,Thunderbird
2015-05-22 0:00,239,Thunderbird
2015-05-23 0:00,354,Thunderbird
2015-05-24 0:00,846,Thunderbird
2015-05-25 0:00,811,Thunderbird
2015-05-26 0:00,703,Thunderbird
2015-05-27 0:00,751,Thunderbird
2015-05-28 0:00,526,Thunderbird
2015-05-29 0:00,207,Thunderbird
2015-05-30 0:00,532,Thunderbird
2015-05-31 0:00,628,Thunderbird
2015-06-01 0:00,799,Thunderbird
2015-06-02 0:00,470,Thunderbird
2015-06-03 0:00,522,Thunderbird
2015-06-04 0:00,402,Thunderbird
2015-06-05 0:00,317,Thunderbird
2015-06-06 0:00,139,Thunderbird
2015-06-07 0:00,862,Thunderbird
2015-06-08 0:00,892,Thunderbird
2015-06-09 0:00,909,Thunderbird
2015-06-10 0:00,1357,Thunderbird
2015-06-11 0:00,989,Thunderbird
2015-06-12 0:00,185,Thunderbird
2015-06-13 0:00,691,Thunderbird
2015-06-14 0:00,1324,Thunderbird
2015-06-15 0:00,894,Thunderbird
2015-06-16 0:00,887,Thunderbird
2015-06-17 0:00,610,Thunderbird
2015-06-18 0:00,218,Thunderbird
2015-06-19 0:00,172,Thunderbird
2015-06-20 0:00,579,Thunderbird
2015-06-21 0:00,646,Thunderbird
2015-06-22 0:00,728,Thunderbird
2015-06-23 0:00,587,Thunderbird
2015-06-24 0:00,445,Thunderbird
2015-06-25 0:00,128,Thunderbird
2015-06-26 0:00,547,Thunderbird
2015-06-27 0:00,504,Thunderbird
2015-06-28 0:00,947,Thunderbird
2015-06-29 0:00,598,Thunderbird
2015-06-30 0:00,477,Thunderbird
2015-07-01 0:00,479,Thunderbird
2015-07-02 0:00,466,Thunderbird
2015-07-03 0:00,507,Thunderbird
2015-07-04 0:00,794,Thunderbird
2015-07-05 0:00,704,Thunderbird
2015-07-06 0:00,646,Thunderbird
2015-07-07 0:00,1821,Thunderbird
2015-07-08 0:00,436,Thunderbird
2015-07-09 0:00,121,Thunderbird
2015-07-10 0:00,121,Thunderbird
2015-07-11 0:00,657,Thunderbird
2015-07-12 0:00,655,Thunderbird
2015-07-13 0:00,476,Thunderbird
2015-07-14 0:00,1061,Thunderbird
2015-07-15 0:00,504,Thunderbird
2015-07-16 0:00,97,Thunderbird
2015-07-17 0:00,137,Thunderbird
2015-07-18 0:00,761,Thunderbird
2015-07-19 0:00,705,Thunderbird
2015-07-20 0:00,508,Thunderbird
2015-07-21 0:00,657,Thunderbird
2015-07-22 0:00,494,Thunderbird
2015-07-23 0:00,140,Thunderbird
2015-07-24 0:00,139,Thunderbird
2015-07-25 0:00,757,Thunderbird
2015-07-26 0:00,595,Thunderbird
2015-07-27 0:00,466,Thunderbird
2015-07-28 0:00,536,Thunderbird
2015-07-29 0:00,497,Thunderbird
2015-07-30 0:00,175,Thunderbird
2015-07-31 0:00,106,Thunderbird
2015-08-01 0:00,157,Thunderbird
2015-08-02 0:00,684,Thunderbird
2015-08-03 0:00,834,Thunderbird
2015-08-04 0:00,470,Thunderbird
2015-08-05 0:00,452,Thunderbird
2015-08-06 0:00,149,Thunderbird
2015-08-07 0:00,174,Thunderbird
2015-08-08 0:00,698,Thunderbird
2015-08-09 0:00,544,Thunderbird
2015-08-10 0:00,857,Thunderbird
2015-08-11 0:00,638,Thunderbird
2015-08-12 0:00,622,Thunderbird
2015-08-13 0:00,92,Thunderbird
2015-08-14 0:00,128,Thunderbird
2015-08-15 0:00,749,Thunderbird
2015-08-16 0:00,1123,Thunderbird
2015-08-17 0:00,636,Thunderbird
2015-08-18 0:00,616,Thunderbird
2015-08-19 0:00,481,Thunderbird
2015-08-20 0:00,124,Thunderbird
2015-08-21 0:00,96,Thunderbird
2015-08-22 0:00,466,Thunderbird
2015-08-23 0:00,645,Thunderbird
2015-08-24 0:00,624,Thunderbird
2015-08-25 0:00,601,Thunderbird
2015-08-26 0:00,691,Thunderbird
2015-08-27 0:00,1406,Thunderbird
2015-08-28 0:00,328,Thunderbird
2015-08-29 0:00,853,Thunderbird
2015-08-30 0:00,822,Thunderbird
2015-08-31 0:00,898,Thunderbird
2015-09-01 0:00,833,Thunderbird
2015-09-02 0:00,723,Thunderbird
2015-09-03 0:00,1670,Thunderbird
2015-09-04 0:00,219,Thunderbird
2015-09-05 0:00,267,Thunderbird
2015-09-06 0:00,1453,Thunderbird
2015-09-07 0:00,2097,Thunderbird
2015-09-08 0:00,1584,Thunderbird
2015-09-09 0:00,1213,Thunderbird
2015-09-10 0:00,325,Thunderbird
2015-09-11 0:00,304,Thunderbird
2015-09-12 0:00,1290,Thunderbird
2015-09-13 0:00,2225,Thunderbird
2015-09-14 0:00,1403,Thunderbird
2015-09-15 0:00,1527,Thunderbird
2015-09-16 0:00,1297,Thunderbird
2015-09-17 0:00,1673,Thunderbird
2015-09-18 0:00,387,Thunderbird
2015-09-19 0:00,561,Thunderbird
2015-09-20 0:00,2060,Thunderbird
2015-09-21 0:00,1602,Thunderbird
2015-09-22 0:00,1958,Thunderbird
2015-09-23 0:00,2018,Thunderbird
2015-09-24 0:00,1027,Thunderbird
2015-09-25 0:00,390,Thunderbird
2015-09-26 0:00,1655,Thunderbird
2015-09-27 0:00,1915,Thunderbird
2015-09-28 0:00,1627,Thunderbird
2015-09-29 0:00,1459,Thunderbird
2015-09-30 0:00,353,Thunderbird
2015-10-01 0:00,499,Thunderbird
2015-10-02 0:00,500,Thunderbird
2015-10-03 0:00,1547,Thunderbird
2015-10-04 0:00,2585,Thunderbird
2015-10-05 0:00,1505,Thunderbird
2015-10-06 0:00,1457,Thunderbird
2015-10-07 0:00,1008,Thunderbird
2015-10-08 0:00,435,Thunderbird
2015-10-09 0:00,830,Thunderbird
2015-10-10 0:00,168,Thunderbird
2015-10-11 0:00,1692,Thunderbird
2015-10-12 0:00,1641,Thunderbird
2015-10-13 0:00,1814,Thunderbird
2015-10-14 0:00,1658,Thunderbird
2015-10-15 0:00,684,Thunderbird
2015-10-16 0:00,621,Thunderbird
2015-10-17 0:00,1796,Thunderbird
2015-10-18 0:00,1849,Thunderbird
2015-10-19 0:00,2252,Thunderbird
2015-10-20 0:00,2215,Thunderbird
2015-10-21 0:00,2962,Thunderbird
2015-10-22 0:00,796,Thunderbird
2015-10-23 0:00,656,Thunderbird
2015-10-24 0:00,1781,Thunderbird
2015-10-25 0:00,1860,Thunderbird
2015-10-26 0:00,1573,Thunderbird
2015-10-27 0:00,1382,Thunderbird
2015-10-28 0:00,961,Thunderbird
2015-10-29 0:00,863,Thunderbird
2015-10-30 0:00,379,Thunderbird
2015-10-31 0:00,1588,Thunderbird
2015-11-01 0:00,1473,Thunderbird
2015-11-02 0:00,1367,Thunderbird
2015-11-03 0:00,1742,Thunderbird
2015-11-04 0:00,1524,Thunderbird
2015-11-05 0:00,429,Thunderbird
2015-11-06 0:00,774,Thunderbird
2015-11-07 0:00,1442,Thunderbird
2015-11-08 0:00,1385,Thunderbird
2015-11-09 0:00,958,Thunderbird
2015-11-10 0:00,1126,Thunderbird
2015-11-11 0:00,275,Thunderbird
2015-11-12 0:00,582,Thunderbird
2015-11-13 0:00,465,Thunderbird
2015-11-14 0:00,1902,Thunderbird
2015-11-15 0:00,1559,Thunderbird
2015-11-16 0:00,2068,Thunderbird
2015-11-17 0:00,1652,Thunderbird
2015-11-18 0:00,1164,Thunderbird
2015-11-19 0:00,528,Thunderbird
2015-11-20 0:00,690,Thunderbird
2015-11-21 0:00,1145,Thunderbird
2015-11-22 0:00,1459,Thunderbird
2015-11-23 0:00,1866,Thunderbird
2015-11-24 0:00,2056,Thunderbird
2015-11-25 0:00,1521,Thunderbird
2015-11-26 0:00,595,Thunderbird
2015-11-27 0:00,577,Thunderbird
2015-11-28 0:00,1833,Thunderbird
2015-11-29 0:00,1356,Thunderbird
2015-11-30 0:00,578,Thunderbird
2015-12-01 0:00,1608,Thunderbird
2015-12-02 0:00,975,Thunderbird
2015-12-03 0:00,514,Thunderbird
2015-12-04 0:00,439,Thunderbird
2015-12-05 0:00,1067,Thunderbird
2015-12-06 0:00,2072,Thunderbird
2015-12-07 0:00,1667,Thunderbird
2015-12-08 0:00,1119,Thunderbird
2015-12-09 0:00,1212,Thunderbird
2015-12-10 0:00,525,Thunderbird
2015-12-11 0:00,679,Thunderbird
2015-12-12 0:00,1620,Thunderbird
2015-12-13 0:00,1318,Thunderbird
2015-12-14 0:00,979,Thunderbird
2015-12-15 0:00,1311,Thunderbird
2015-12-16 0:00,917,Thunderbird
2015-12-17 0:00,731,Thunderbird
2015-12-18 0:00,353,Thunderbird
2015-12-19 0:00,644,Thunderbird
2015-12-20 0:00,249,Thunderbird
2015-12-21 0:00,411,Thunderbird
2015-12-22 0:00,595,Thunderbird
2015-12-23 0:00,152,Thunderbird
2015-12-24 0:00,64,Thunderbird
2015-12-25 0:00,41,Thunderbird
2015-12-26 0:00,53,Thunderbird
2015-12-27 0:00,110,Thunderbird
2015-12-28 0:00,120,Thunderbird
2015-12-29 0:00,182,Thunderbird
2015-12-30 0:00,223,Thunderbird
2015-12-31 0:00,92,Thunderbird
2016-01-01 0:00,51,Thunderbird
2016-01-02 0:00,116,Thunderbird
2016-01-03 0:00,662,Thunderbird
2016-01-04 0:00,780,Thunderbird
2016-01-05 0:00,757,Thunderbird
2016-01-06 0:00,637,Thunderbird
2016-01-07 0:00,292,Thunderbird
2016-01-08 0:00,363,Thunderbird
2016-01-09 0:00,1132,Thunderbird
2016-01-10 0:00,2346,Thunderbird
2016-01-11 0:00,2156,Thunderbird
2016-01-12 0:00,1640,Thunderbird
2016-01-13 0:00,1917,Thunderbird
2016-01-14 0:00,572,Thunderbird
2016-01-15 0:00,1988,Thunderbird
2016-01-16 0:00,2078,Thunderbird
2016-01-17 0:00,2635,Thunderbird
2016-01-18 0:00,1654,Thunderbird
2016-01-19 0:00,1757,Thunderbird
2016-01-20 0:00,2019,Thunderbird
2016-01-21 0:00,697,Thunderbird
2016-01-22 0:00,582,Thunderbird
2016-01-23 0:00,1520,Thunderbird
2016-01-24 0:00,1756,Thunderbird
2016-01-25 0:00,1605,Thunderbird
2016-01-26 0:00,1666,Thunderbird
2016-01-27 0:00,1333,Thunderbird
2016-01-28 0:00,673,Thunderbird
2016-01-29 0:00,496,Thunderbird
2016-01-30 0:00,2045,Thunderbird
2016-01-31 0:00,1768,Thunderbird
2016-02-01 0:00,1719,Thunderbird
2016-02-02 0:00,1992,Thunderbird
2016-02-03 0:00,703,Thunderbird
2016-02-04 0:00,305,Thunderbird
2016-02-05 0:00,930,Thunderbird
2016-02-06 0:00,1797,Thunderbird
2016-02-07 0:00,1918,Thunderbird
2016-02-08 0:00,1571,Thunderbird
2016-02-09 0:00,1096,Thunderbird
2016-02-10 0:00,560,Thunderbird
2016-02-11 0:00,496,Thunderbird
2016-02-12 0:00,1333,Thunderbird
2016-02-13 0:00,1329,Thunderbird
2016-02-14 0:00,1365,Thunderbird
2016-02-15 0:00,1340,Thunderbird
2016-02-16 0:00,983,Thunderbird
2016-02-17 0:00,609,Thunderbird
2016-02-18 0:00,755,Thunderbird
2016-02-19 0:00,941,Thunderbird
2016-02-20 0:00,1076,Thunderbird
2016-02-21 0:00,871,Thunderbird
2016-02-22 0:00,913,Thunderbird
2016-02-23 0:00,1173,Thunderbird
2016-02-24 0:00,1134,Thunderbird
2016-02-25 0:00,1466,Thunderbird
2016-02-26 0:00,1390,Thunderbird
2016-02-27 0:00,1078,Thunderbird
2016-02-28 0:00,518,Thunderbird
2016-02-29 0:00,507,Thunderbird
2016-03-01 0:00,1268,Thunderbird
2016-03-02 0:00,1069,Thunderbird
2016-03-03 0:00,1161,Thunderbird
2016-03-04 0:00,469,Thunderbird
2016-03-05 0:00,1267,Thunderbird
2016-03-06 0:00,2039,Thunderbird
2016-03-07 0:00,2008,Thunderbird
2016-03-08 0:00,1410,Thunderbird
2016-03-09 0:00,1823,Thunderbird
2016-03-10 0:00,681,Thunderbird
2016-03-11 0:00,494,Thunderbird
2016-03-12 0:00,1130,Thunderbird
2016-03-13 0:00,1319,Thunderbird
2016-03-14 0:00,2498,Thunderbird
2016-03-15 0:00,1549,Thunderbird
2016-03-16 0:00,1016,Thunderbird
2016-03-17 0:00,529,Thunderbird
2016-03-18 0:00,635,Thunderbird
2016-03-19 0:00,1560,Thunderbird
2016-03-20 0:00,1271,Thunderbird
2016-03-21 0:00,853,Thunderbird
2016-03-22 0:00,1125,Thunderbird
2016-03-23 0:00,1068,Thunderbird
2016-03-24 0:00,379,Thunderbird
2016-03-25 0:00,603,Thunderbird
2016-03-26 0:00,1161,Thunderbird
2016-03-27 0:00,1006,Thunderbird
2016-03-28 0:00,1074,Thunderbird
2016-03-29 0:00,1183,Thunderbird
2016-03-30 0:00,415,Thunderbird
2016-03-31 0:00,800,Thunderbird
2016-04-01 0:00,1233,Thunderbird
2016-04-02 0:00,1284,Thunderbird
2016-04-03 0:00,1212,Thunderbird
2016-04-04 0:00,281,Thunderbird
2016-04-05 0:00,500,Thunderbird
2016-04-06 0:00,1291,Thunderbird
2016-04-07 0:00,2167,Thunderbird
2016-04-08 0:00,2351,Thunderbird
2016-04-09 0:00,1538,Thunderbird
2016-04-10 0:00,629,Thunderbird
2016-04-11 0:00,389,Thunderbird
2016-04-12 0:00,874,Thunderbird
2016-04-13 0:00,1626,Thunderbird
2016-04-14 0:00,1443,Thunderbird
2016-04-15 0:00,1754,Thunderbird
2016-04-16 0:00,1217,Thunderbird
2016-04-17 0:00,1157,Thunderbird
2016-04-18 0:00,348,Thunderbird
2016-04-19 0:00,1366,Thunderbird
2016-04-20 0:00,1733,Thunderbird
2016-04-21 0:00,1642,Thunderbird
2016-04-22 0:00,1184,Thunderbird
2016-04-23 0:00,856,Thunderbird
2016-04-24 0:00,272,Thunderbird
2016-04-25 0:00,469,Thunderbird
2016-04-26 0:00,1250,Thunderbird
2016-04-27 0:00,1631,Thunderbird
2016-04-28 0:00,1133,Thunderbird
2016-04-29 0:00,1832,Thunderbird
2016-04-30 0:00,880,Thunderbird
2016-05-01 0:00,292,Thunderbird
2016-05-02 0:00,520,Thunderbird
2016-05-03 0:00,786,Thunderbird
2016-05-04 0:00,807,Thunderbird
2016-05-05 0:00,527,Thunderbird
2016-05-06 0:00,871,Thunderbird
2016-05-07 0:00,572,Thunderbird
2016-05-08 0:00,291,Thunderbird
2016-05-09 0:00,481,Thunderbird
2016-05-10 0:00,875,Thunderbird
2016-05-11 0:00,739,Thunderbird
2016-05-12 0:00,738,Thunderbird
2016-05-13 0:00,789,Thunderbird
2016-05-14 0:00,436,Thunderbird
2016-05-15 0:00,346,Thunderbird
2016-05-16 0:00,340,Thunderbird
2016-05-17 0:00,992,Thunderbird
2016-05-18 0:00,705,Thunderbird
2016-05-19 0:00,645,Thunderbird
2016-05-20 0:00,721,Thunderbird
2016-05-21 0:00,626,Thunderbird
2016-05-22 0:00,242,Thunderbird
2016-05-23 0:00,362,Thunderbird
2016-05-24 0:00,855,Thunderbird
2016-05-25 0:00,855,Thunderbird
2016-05-26 0:00,681,Thunderbird
2016-05-27 0:00,741,Thunderbird
2016-05-28 0:00,541,Thunderbird
2016-05-29 0:00,201,Thunderbird
2016-05-30 0:00,511,Thunderbird
2016-05-31 0:00,725,Thunderbird
2016-06-01 0:00,837,Thunderbird
2016-06-02 0:00,528,Thunderbird
2016-06-03 0:00,546,Thunderbird
2016-06-04 0:00,414,Thunderbird
2016-06-05 0:00,306,Thunderbird
2016-06-06 0:00,127,Thunderbird
2016-06-07 0:00,901,Thunderbird
2016-06-08 0:00,786,Thunderbird
2016-06-09 0:00,873,Thunderbird
2016-06-10 0:00,1497,Thunderbird
2016-06-11 0:00,949,Thunderbird
2016-06-12 0:00,205,Thunderbird
2016-06-13 0:00,678,Thunderbird
2016-06-14 0:00,1175,Thunderbird
2016-06-15 0:00,885,Thunderbird
2016-06-16 0:00,784,Thunderbird
2016-06-17 0:00,593,Thunderbird
2016-06-18 0:00,201,Thunderbird
2016-06-19 0:00,148,Thunderbird
2016-06-20 0:00,673,Thunderbird
2016-06-21 0:00,615,Thunderbird
2016-06-22 0:00,698,Thunderbird
2016-06-23 0:00,582,Thunderbird
2016-06-24 0:00,445,Thunderbird
2016-06-25 0:00,128,Thunderbird
2016-06-26 0:00,638,Thunderbird
2016-06-27 0:00,562,Thunderbird
2016-06-28 0:00,906,Thunderbird
2016-06-29 0:00,597,Thunderbird
2016-06-30 0:00,481,Thunderbird
2016-07-01 0:00,491,Thunderbird
2016-07-02 0:00,481,Thunderbird
2016-07-03 0:00,513,Thunderbird
2016-07-04 0:00,836,Thunderbird
2016-07-05 0:00,687,Thunderbird
2016-07-06 0:00,562,Thunderbird
2016-07-07 0:00,1864,Thunderbird
2016-07-08 0:00,484,Thunderbird
2016-07-09 0:00,106,Thunderbird
2016-07-10 0:00,112,Thunderbird
2016-07-11 0:00,745,Thunderbird
2016-07-12 0:00,625,Thunderbird
2016-07-13 0:00,485,Thunderbird
2016-07-14 0:00,1013,Thunderbird
2016-07-15 0:00,496,Thunderbird
2016-07-16 0:00,102,Thunderbird
2016-07-17 0:00,134,Thunderbird
2016-07-18 0:00,713,Thunderbird
2016-07-19 0:00,819,Thunderbird
2016-07-20 0:00,493,Thunderbird
2016-07-21 0:00,702,Thunderbird
2016-07-22 0:00,533,Thunderbird
2016-07-23 0:00,154,Thunderbird
2016-07-24 0:00,135,Thunderbird
2016-07-25 0:00,727,Thunderbird
2016-07-26 0:00,617,Thunderbird
2016-07-27 0:00,438,Thunderbird
2016-07-28 0:00,511,Thunderbird
2016-07-29 0:00,546,Thunderbird
2016-07-30 0:00,157,Thunderbird
2016-07-31 0:00,118,Thunderbird
2016-08-01 0:00,166,Thunderbird
2016-08-02 0:00,702,Thunderbird
2016-08-03 0:00,839,Thunderbird
2016-08-04 0:00,489,Thunderbird
2016-08-05 0:00,465,Thunderbird
2016-08-06 0:00,175,Thunderbird
2016-08-07 0:00,182,Thunderbird
2016-08-08 0:00,775,Thunderbird
2016-08-09 0:00,580,Thunderbird
2016-08-10 0:00,824,Thunderbird
2016-08-11 0:00,666,Thunderbird
2016-08-12 0:00,651,Thunderbird
2016-08-13 0:00,99,Thunderbird
2016-08-14 0:00,135,Thunderbird
2016-08-15 0:00,756,Thunderbird
2016-08-16 0:00,1010,Thunderbird
2016-08-17 0:00,639,Thunderbird
2016-08-18 0:00,647,Thunderbird
2016-08-19 0:00,523,Thunderbird
2016-08-20 0:00,134,Thunderbird
2016-08-21 0:00,104,Thunderbird
2016-08-22 0:00,529,Thunderbird
2016-08-23 0:00,656,Thunderbird
2016-08-24 0:00,633,Thunderbird
2016-08-25 0:00,625,Thunderbird
2016-08-26 0:00,672,Thunderbird
2016-08-27 0:00,1404,Thunderbird
2016-08-28 0:00,330,Thunderbird
2016-08-29 0:00,883,Thunderbird
2016-08-30 0:00,888,Thunderbird
2016-08-31 0:00,866,Thunderbird
2016-09-01 0:00,1032,Thunderbird
2016-09-02 0:00,801,Thunderbird
2016-09-03 0:00,1578,Thunderbird
2016-09-04 0:00,211,Thunderbird
2016-09-05 0:00,246,Thunderbird
2016-09-06 0:00,1645,Thunderbird
2016-09-07 0:00,1992,Thunderbird
2016-09-08 0:00,1520,Thunderbird
2016-09-09 0:00,1057,Thunderbird
2016-09-10 0:00,315,Thunderbird
2016-09-11 0:00,289,Thunderbird
2016-09-12 0:00,1216,Thunderbird
2016-09-13 0:00,2022,Thunderbird
2016-09-14 0:00,1319,Thunderbird
2016-09-15 0:00,1496,Thunderbird
2016-09-16 0:00,1175,Thunderbird
2016-09-17 0:00,1481,Thunderbird
2016-09-18 0:00,364,Thunderbird
2016-09-19 0:00,574,Thunderbird
2016-09-20 0:00,1948,Thunderbird
2016-09-21 0:00,1678,Thunderbird
2016-09-22 0:00,1953,Thunderbird
2016-09-23 0:00,1830,Thunderbird
2016-09-24 0:00,951,Thunderbird
2016-09-25 0:00,404,Thunderbird
2016-09-26 0:00,1609,Thunderbird
2016-09-27 0:00,1877,Thunderbird
2016-09-28 0:00,1546,Thunderbird
2016-09-29 0:00,1592,Thunderbird
2016-09-30 0:00,413,Thunderbird
2016-10-01 0:00,470,Thunderbird
2016-10-02 0:00,541,Thunderbird
2016-10-03 0:00,1394,Thunderbird
2016-10-04 0:00,2362,Thunderbird
2016-10-05 0:00,1544,Thunderbird
2016-10-06 0:00,1402,Thunderbird
2016-10-07 0:00,1008,Thunderbird
2016-10-08 0:00,475,Thunderbird
2016-10-09 0:00,809,Thunderbird
2016-10-10 0:00,169,Thunderbird
2016-10-11 0:00,1775,Thunderbird
2016-10-12 0:00,1568,Thunderbird
2016-10-13 0:00,1786,Thunderbird
2016-10-14 0:00,1628,Thunderbird
2016-10-15 0:00,755,Thunderbird
2016-10-16 0:00,597,Thunderbird
2016-10-17 0:00,1629,Thunderbird
2016-10-18 0:00,1981,Thunderbird
2016-10-19 0:00,1936,Thunderbird
2016-10-20 0:00,2220,Thunderbird
2016-10-21 0:00,3046,Thunderbird
2016-10-22 0:00,780,Thunderbird
2016-10-23 0:00,656,Thunderbird
2016-10-24 0:00,1769,Thunderbird
2016-10-25 0:00,1798,Thunderbird
2016-10-26 0:00,1521,Thunderbird
2016-10-27 0:00,1522,Thunderbird
2016-10-28 0:00,997,Thunderbird
2016-10-29 0:00,900,Thunderbird
2016-10-30 0:00,416,Thunderbird
2016-10-31 0:00,1624,Thunderbird
2016-11-01 0:00,1404,Thunderbird
2016-11-02 0:00,1431,Thunderbird
2016-11-03 0:00,1807,Thunderbird
2016-11-04 0:00,1596,Thunderbird
2016-11-05 0:00,535,Thunderbird
2016-11-06 0:00,710,Thunderbird
2016-11-07 0:00,1311,Thunderbird
2016-11-08 0:00,1448,Thunderbird
2016-11-09 0:00,877,Thunderbird
2016-11-10 0:00,1174,Thunderbird
2016-11-11 0:00,300,Thunderbird
2016-11-12 0:00,507,Thunderbird
2016-11-13 0:00,481,Thunderbird
2016-11-14 0:00,1859,Thunderbird
2016-11-15 0:00,1824,Thunderbird
2016-11-16 0:00,2108,Thunderbird
2016-11-17 0:00,1691,Thunderbird
2016-11-18 0:00,1161,Thunderbird
2016-11-19 0:00,538,Thunderbird
2016-11-20 0:00,742,Thunderbird
2016-11-21 0:00,1227,Thunderbird
2016-11-22 0:00,1360,Thunderbird
2016-11-23 0:00,1935,Thunderbird
2016-11-24 0:00,2051,Thunderbird
2016-11-25 0:00,1517,Thunderbird
2016-11-26 0:00,565,Thunderbird
2016-11-27 0:00,639,Thunderbird
2016-11-28 0:00,1845,Thunderbird
2016-11-29 0:00,1460,Thunderbird
2016-11-30 0:00,579,Thunderbird
2016-12-01 0:00,1681,Thunderbird
2016-12-02 0:00,973,Thunderbird
2016-12-03 0:00,496,Thunderbird
2016-12-04 0:00,443,Thunderbird
2016-12-05 0:00,1108,Thunderbird
2016-12-06 0:00,2043,Thunderbird
2016-12-07 0:00,1623,Thunderbird
2016-12-08 0:00,1173,Thunderbird
2016-12-09 0:00,1097,Thunderbird
2016-12-10 0:00,520,Thunderbird
2016-12-11 0:00,682,Thunderbird
2016-12-12 0:00,1551,Thunderbird
2016-12-13 0:00,1355,Thunderbird
2016-12-14 0:00,1005,Thunderbird
2016-12-15 0:00,1255,Thunderbird
2016-12-16 0:00,1016,Thunderbird
2016-12-17 0:00,731,Thunderbird
2016-12-18 0:00,346,Thunderbird
2016-12-19 0:00,703,Thunderbird
2016-12-20 0:00,252,Thunderbird
2016-12-21 0:00,416,Thunderbird
2016-12-22 0:00,529,Thunderbird
2016-12-23 0:00,163,Thunderbird
2016-12-24 0:00,57,Thunderbird
2016-12-25 0:00,39,Thunderbird
2016-12-26 0:00,57,Thunderbird
2016-12-27 0:00,112,Thunderbird
2016-12-28 0:00,140,Thunderbird
2016-12-29 0:00,185,Thunderbird
2016-12-30 0:00,236,Thunderbird
2016-12-31 0:00,88,Thunderbird
2017-01-01 0:00,59,Thunderbird
2017-01-02 0:00,109,Thunderbird
2017-01-03 0:00,634,Thunderbird
2017-01-04 0:00,775,Thunderbird
2017-01-05 0:00,672,Thunderbird
2017-01-06 0:00,641,Thunderbird
2017-01-07 0:00,297,Thunderbird
2017-01-08 0:00,421,Thunderbird
2017-01-09 0:00,1311,Thunderbird
2017-01-10 0:00,2094,Thunderbird
2017-01-11 0:00,2022,Thunderbird
2017-01-12 0:00,1762,Thunderbird
2017-01-13 0:00,1924,Thunderbird
2017-01-14 0:00,497,Thunderbird
2017-01-15 0:00,2035,Thunderbird
2017-01-16 0:00,2198,Thunderbird
2017-01-17 0:00,2340,Thunderbird
2017-01-18 0:00,1815,Thunderbird
2017-01-19 0:00,1704,Thunderbird
2017-01-20 0:00,2033,Thunderbird
2017-01-21 0:00,673,Thunderbird
2017-01-22 0:00,544,Thunderbird
2017-01-23 0:00,1568,Thunderbird
2017-01-24 0:00,1829,Thunderbird
2017-01-25 0:00,1612,Thunderbird
2017-01-26 0:00,1597,Thunderbird
2017-01-27 0:00,1419,Thunderbird
2017-01-28 0:00,681,Thunderbird
2017-01-29 0:00,526,Thunderbird
2017-01-30 0:00,1929,Thunderbird
2017-01-31 0:00,1740,Thunderbird
2017-02-01 0:00,1807,Thunderbird
2017-02-02 0:00,2067,Thunderbird
2017-02-03 0:00,701,Thunderbird
2017-02-04 0:00,342,Thunderbird
2017-02-05 0:00,892,Thunderbird
2017-02-06 0:00,1821,Thunderbird
2017-02-07 0:00,1850,Thunderbird
2017-02-08 0:00,1739,Thunderbird
2017-02-09 0:00,1018,Thunderbird
2017-02-10 0:00,600,Thunderbird
2017-02-11 0:00,500,Thunderbird
2017-02-12 0:00,1225,Thunderbird
2017-02-13 0:00,1449,Thunderbird
2017-02-14 0:00,1325,Thunderbird
2017-02-15 0:00,1321,Thunderbird
2017-02-16 0:00,1073,Thunderbird
2017-02-17 0:00,638,Thunderbird
2017-02-18 0:00,756,Thunderbird
2017-02-19 0:00,939,Thunderbird
2017-02-20 0:00,976,Thunderbird
2017-02-21 0:00,929,Thunderbird
2017-02-22 0:00,938,Thunderbird
2017-02-23 0:00,1153,Thunderbird
2017-02-24 0:00,1100,Thunderbird
2017-02-25 0:00,1413,Thunderbird
2017-02-26 0:00,1463,Thunderbird
2017-02-27 0:00,1138,Thunderbird
2017-02-28 0:00,513,Thunderbird
2017-03-01 0:00,1386,Thunderbird
2017-03-02 0:00,1105,Thunderbird
2017-03-03 0:00,1117,Thunderbird
2017-03-04 0:00,408,Thunderbird
2017-03-05 0:00,1342,Thunderbird
2017-03-06 0:00,2029,Thunderbird
2017-03-07 0:00,1919,Thunderbird
2017-03-08 0:00,1370,Thunderbird
2017-03-09 0:00,1535,Thunderbird
2017-03-10 0:00,705,Thunderbird
2017-03-11 0:00,484,Thunderbird
2017-03-12 0:00,1085,Thunderbird
2017-03-13 0:00,1316,Thunderbird
2017-03-14 0:00,2401,Thunderbird
2017-03-15 0:00,1561,Thunderbird
2017-03-16 0:00,907,Thunderbird
2017-03-17 0:00,582,Thunderbird
2017-03-18 0:00,634,Thunderbird
2017-03-19 0:00,1600,Thunderbird
2017-03-20 0:00,1194,Thunderbird
2017-03-21 0:00,1008,Thunderbird
2017-03-22 0:00,1050,Thunderbird
2017-03-23 0:00,972,Thunderbird
2017-03-24 0:00,445,Thunderbird
2017-03-25 0:00,575,Thunderbird
2017-03-26 0:00,1221,Thunderbird
2017-03-27 0:00,996,Thunderbird
2017-03-28 0:00,1107,Thunderbird
2017-03-29 0:00,1278,Thunderbird
2017-03-30 0:00,458,Thunderbird
2017-03-31 0:00,838,Thunderbird
2017-04-01 0:00,1306,Thunderbird
2017-04-02 0:00,1283,Thunderbird
2017-04-03 0:00,1453,Thunderbird
2017-04-04 0:00,282,Thunderbird
2017-04-05 0:00,522,Thunderbird
2017-04-06 0:00,1438,Thunderbird
2017-04-07 0:00,2043,Thunderbird
2017-04-08 0:00,2261,Thunderbird
2017-04-09 0:00,1604,Thunderbird
2017-04-10 0:00,709,Thunderbird
2017-04-11 0:00,342,Thunderbird
2017-04-12 0:00,944,Thunderbird
2017-04-13 0:00,1550,Thunderbird
2017-04-14 0:00,1695,Thunderbird
2017-04-15 0:00,1696,Thunderbird
2017-04-16 0:00,1188,Thunderbird
2017-04-17 0:00,1062,Thunderbird
2017-04-18 0:00,347,Thunderbird
2017-04-19 0:00,1446,Thunderbird
2017-04-20 0:00,1643,Thunderbird
2017-04-21 0:00,1625,Thunderbird
2017-04-22 0:00,1223,Thunderbird
2017-04-23 0:00,876,Thunderbird
2017-04-24 0:00,307,Thunderbird
2017-04-25 0:00,546,Thunderbird
2017-04-26 0:00,1434,Thunderbird
2017-04-27 0:00,1686,Thunderbird
2017-04-28 0:00,1290,Thunderbird
2017-04-29 0:00,1801,Thunderbird
2017-04-30 0:00,895,Thunderbird
2017-05-01 0:00,270,Thunderbird
2017-05-02 0:00,504,Thunderbird
2017-05-03 0:00,810,Thunderbird
2017-05-04 0:00,702,Thunderbird
2017-05-05 0:00,546,Thunderbird
2017-05-06 0:00,795,Thunderbird
2017-05-07 0:00,592,Thunderbird
2017-05-08 0:00,294,Thunderbird
2017-05-09 0:00,503,Thunderbird
2017-05-10 0:00,848,Thunderbird
2017-05-11 0:00,754,Thunderbird
2017-05-12 0:00,727,Thunderbird
2017-05-13 0:00,858,Thunderbird
2017-05-14 0:00,441,Thunderbird
2017-05-15 0:00,341,Thunderbird
2017-05-16 0:00,349,Thunderbird
2017-05-17 0:00,1013,Thunderbird
2017-05-18 0:00,742,Thunderbird
2017-05-19 0:00,677,Thunderbird
2017-05-20 0:00,747,Thunderbird
2017-05-21 0:00,568,Thunderbird
2017-05-22 0:00,255,Thunderbird
2017-05-23 0:00,419,Thunderbird
2017-05-24 0:00,817,Thunderbird
2017-05-25 0:00,880,Thunderbird
2017-05-26 0:00,723,Thunderbird
2017-05-27 0:00,766,Thunderbird
2017-05-28 0:00,585,Thunderbird
2017-05-29 0:00,191,Thunderbird
2017-05-30 0:00,488,Thunderbird
2017-05-31 0:00,784,Thunderbird
2017-06-01 0:00,833,Thunderbird
2017-06-02 0:00,543,Thunderbird
2017-06-03 0:00,583,Thunderbird
2017-06-04 0:00,384,Thunderbird
2017-06-05 0:00,301,Thunderbird
2017-06-06 0:00,130,Thunderbird
2017-06-07 0:00,849,Thunderbird
2017-06-08 0:00,751,Thunderbird
2017-06-09 0:00,861,Thunderbird
2017-06-10 0:00,1429,Thunderbird
2017-06-11 0:00,878,Thunderbird
2017-06-12 0:00,231,Thunderbird
2017-06-13 0:00,649,Thunderbird
2017-06-14 0:00,1238,Thunderbird
2017-06-15 0:00,852,Thunderbird
2017-06-16 0:00,782,Thunderbird
2017-06-17 0:00,621,Thunderbird
2017-06-18 0:00,186,Thunderbird
2017-06-19 0:00,159,Thunderbird
2017-06-20 0:00,676,Thunderbird
2017-06-21 0:00,753,Thunderbird
2017-06-22 0:00,792,Thunderbird
2017-06-23 0:00,610,Thunderbird
2017-06-24 0:00,446,Thunderbird
2017-06-25 0:00,141,Thunderbird
2017-06-26 0:00,637,Thunderbird
2017-06-27 0:00,540,Thunderbird
2017-06-28 0:00,819,Thunderbird
2017-06-29 0:00,611,Thunderbird
2017-06-30 0:00,538,Thunderbird
2017-07-01 0:00,487,Thunderbird
2017-07-02 0:00,464,Thunderbird
2017-07-03 0:00,505,Thunderbird
2017-07-04 0:00,820,Thunderbird
2017-07-05 0:00,717,Thunderbird
2017-07-06 0:00,573,Thunderbird
2017-07-07 0:00,1896,Thunderbird
2017-07-08 0:00,550,Thunderbird
2017-07-09 0:00,105,Thunderbird
2017-07-10 0:00,120,Thunderbird
2017-07-11 0:00,877,Thunderbird
2017-07-12 0:00,616,Thunderbird
2017-07-13 0:00,524,Thunderbird
2017-07-14 0:00,896,Thunderbird
2017-07-15 0:00,545,Thunderbird
2017-07-16 0:00,113,Thunderbird
2017-07-17 0:00,129,Thunderbird
2017-07-18 0:00,686,Thunderbird
2017-07-19 0:00,874,Thunderbird
2017-07-20 0:00,552,Thunderbird
2017-07-21 0:00,670,Thunderbird
2017-07-22 0:00,570,Thunderbird
2017-07-23 0:00,156,Thunderbird
2017-07-24 0:00,142,Thunderbird
2017-07-25 0:00,750,Thunderbird
2017-07-26 0:00,543,Thunderbird
2017-07-27 0:00,505,Thunderbird
2017-07-28 0:00,491,Thunderbird
2017-07-29 0:00,521,Thunderbird
2017-07-30 0:00,154,Thunderbird
2017-07-31 0:00,115,Thunderbird
2017-08-01 0:00,171,Thunderbird
2017-08-02 0:00,696,Thunderbird
2017-08-03 0:00,837,Thunderbird
2017-08-04 0:00,515,Thunderbird
2017-08-05 0:00,472,Thunderbird
2017-08-06 0:00,169,Thunderbird
2017-08-07 0:00,181,Thunderbird
2017-08-08 0:00,695,Thunderbird
2017-08-09 0:00,581,Thunderbird
2017-08-10 0:00,835,Thunderbird
2017-08-11 0:00,669,Thunderbird
2017-08-12 0:00,615,Thunderbird
2017-08-13 0:00,111,Thunderbird
2017-08-14 0:00,140,Thunderbird
2017-08-15 0:00,761,Thunderbird
2017-08-16 0:00,1040,Thunderbird
2017-08-17 0:00,664,Thunderbird
2017-08-18 0:00,627,Thunderbird
2017-08-19 0:00,528,Thunderbird
2017-08-20 0:00,135,Thunderbird
2017-08-21 0:00,111,Thunderbird
2017-08-22 0:00,512,Thunderbird
2017-08-23 0:00,678,Thunderbird
2017-08-24 0:00,673,Thunderbird
2017-08-25 0:00,698,Thunderbird
2017-08-26 0:00,611,Thunderbird
2017-08-27 0:00,1350,Thunderbird
2017-08-28 0:00,328,Thunderbird
2017-08-29 0:00,836,Thunderbird
2017-08-30 0:00,900,Thunderbird
2017-08-31 0:00,933,Thunderbird
2017-09-01 0:00,1063,Thunderbird
2017-09-02 0:00,792,Thunderbird
2017-09-03 0:00,1389,Thunderbird
2017-09-04 0:00,197,Thunderbird
2017-09-05 0:00,230,Thunderbird
2017-09-06 0:00,1636,Thunderbird
2017-09-07 0:00,2115,Thunderbird
2017-09-08 0:00,1394,Thunderbird
2017-09-09 0:00,1045,Thunderbird
2017-09-10 0:00,384,Thunderbird
2017-09-11 0:00,294,Thunderbird
2017-09-12 0:00,1165,Thunderbird
2017-09-13 0:00,2016,Thunderbird
2017-09-14 0:00,1458,Thunderbird
2017-09-15 0:00,1613,Thunderbird
2017-09-16 0:00,1247,Thunderbird
2017-09-17 0:00,1412,Thunderbird
2017-09-18 0:00,351,Thunderbird
2017-09-19 0:00,580,Thunderbird
2017-09-20 0:00,2075,Thunderbird
2017-09-21 0:00,1654,Thunderbird
2017-09-22 0:00,1781,Thunderbird
2017-09-23 0:00,1837,Thunderbird
2017-09-24 0:00,933,Thunderbird
2017-09-25 0:00,387,Thunderbird
2017-09-26 0:00,1531,Thunderbird
2017-09-27 0:00,1909,Thunderbird
2017-09-28 0:00,1385,Thunderbird
2017-09-29 0:00,1730,Thunderbird
2017-09-30 0:00,412,Thunderbird
2017-10-01 0:00,475,Thunderbird
2017-10-02 0:00,553,Thunderbird
2017-10-03 0:00,1385,Thunderbird
2017-10-04 0:00,2181,Thunderbird
2017-10-05 0:00,1565,Thunderbird
2017-10-06 0:00,1421,Thunderbird
2017-10-07 0:00,1172,Thunderbird
2017-10-08 0:00,441,Thunderbird
2017-10-09 0:00,865,Thunderbird
2017-10-10 0:00,152,Thunderbird
2017-10-11 0:00,1839,Thunderbird
2017-10-12 0:00,1512,Thunderbird
2017-10-13 0:00,1750,Thunderbird
2017-10-14 0:00,1490,Thunderbird
2017-10-15 0:00,721,Thunderbird
2017-10-16 0:00,525,Thunderbird
2017-10-17 0:00,1936,Thunderbird
2017-10-18 0:00,1894,Thunderbird
2017-10-19 0:00,1895,Thunderbird
2017-10-20 0:00,2032,Thunderbird
2017-10-21 0:00,2754,Thunderbird
2017-10-22 0:00,823,Thunderbird
2017-10-23 0:00,680,Thunderbird
2017-10-24 0:00,1621,Thunderbird
2017-10-25 0:00,1633,Thunderbird
2017-10-26 0:00,1598,Thunderbird
2017-10-27 0:00,1586,Thunderbird
2017-10-28 0:00,982,Thunderbird
2017-10-29 0:00,997,Thunderbird
2017-10-30 0:00,409,Thunderbird
2017-10-31 0:00,1697,Thunderbird
2017-11-01 0:00,1275,Thunderbird
2017-11-02 0:00,1367,Thunderbird
2017-11-03 0:00,1670,Thunderbird
2017-11-04 0:00,1391,Thunderbird
2017-11-05 0:00,563,Thunderbird
2017-11-06 0:00,734,Thunderbird
2017-11-07 0:00,1253,Thunderbird
2017-11-08 0:00,1385,Thunderbird
2017-11-09 0:00,910,Thunderbird
2017-11-10 0:00,1077,Thunderbird
2017-11-11 0:00,346,Thunderbird
2017-11-12 0:00,476,Thunderbird
2017-11-13 0:00,524,Thunderbird
2017-11-14 0:00,1736,Thunderbird
2017-11-15 0:00,1918,Thunderbird
2017-11-16 0:00,2007,Thunderbird
2017-11-17 0:00,1802,Thunderbird
2017-11-18 0:00,1186,Thunderbird
2017-11-19 0:00,566,Thunderbird
2017-11-20 0:00,762,Thunderbird
2017-11-21 0:00,1246,Thunderbird
2017-11-22 0:00,1439,Thunderbird
2017-11-23 0:00,1828,Thunderbird
2017-11-24 0:00,1715,Thunderbird
2017-11-25 0:00,1544,Thunderbird
2017-11-26 0:00,577,Thunderbird
2017-11-27 0:00,693,Thunderbird
2017-11-28 0:00,1799,Thunderbird
2017-11-29 0:00,1448,Thunderbird
2017-11-30 0:00,615,Thunderbird
2017-12-01 0:00,1786,Thunderbird
2017-12-02 0:00,972,Thunderbird
2017-12-03 0:00,507,Thunderbird
2017-12-04 0:00,440,Thunderbird
2017-12-05 0:00,1199,Thunderbird
2017-12-06 0:00,1914,Thunderbird
2017-12-07 0:00,1657,Thunderbird
2017-12-08 0:00,1221,Thunderbird
2017-12-09 0:00,1145,Thunderbird
2017-12-10 0:00,502,Thunderbird
2017-12-11 0:00,733,Thunderbird
2017-12-12 0:00,1497,Thunderbird
2017-12-13 0:00,1415,Thunderbird
2017-12-14 0:00,1009,Thunderbird
2017-12-15 0:00,1304,Thunderbird
2017-12-16 0:00,1053,Thunderbird
2017-12-17 0:00,681,Thunderbird
2017-12-18 0:00,335,Thunderbird
2017-12-19 0:00,698,Thunderbird
2017-12-20 0:00,231,Thunderbird
2017-12-21 0:00,464,Thunderbird
2017-12-22 0:00,654,Thunderbird
2017-12-23 0:00,170,Thunderbird
2017-12-24 0:00,61,Thunderbird
2017-12-25 0:00,35,Thunderbird
2017-12-26 0:00,67,Thunderbird
2017-12-27 0:00,127,Thunderbird
2017-12-28 0:00,142,Thunderbird
2017-12-29 0:00,179,Thunderbird
2017-12-30 0:00,245,Thunderbird
2017-12-31 0:00,80,Thunderbird
2018-01-01 0:00,54,Thunderbird
2018-01-02 0:00,107,Thunderbird
2018-01-03 0:00,614,Thunderbird
2018-01-04 0:00,772,Thunderbird
2018-01-05 0:00,670,Thunderbird
2018-01-06 0:00,666,Thunderbird
2018-01-07 0:00,301,Thunderbird
2018-01-08 0:00,367,Thunderbird
2018-01-09 0:00,1359,Thunderbird
2018-01-10 0:00,1994,Thunderbird
2018-01-11 0:00,2187,Thunderbird
2018-01-12 0:00,1833,Thunderbird
2018-01-13 0:00,1846,Thunderbird
2018-01-14 0:00,486,Thunderbird
2018-01-15 0:00,1897,Thunderbird
2018-01-16 0:00,2147,Thunderbird
2018-01-17 0:00,2091,Thunderbird
2018-01-18 0:00,1835,Thunderbird
2018-01-19 0:00,1633,Thunderbird
2018-01-20 0:00,1980,Thunderbird
2018-01-21 0:00,645,Thunderbird
2018-01-22 0:00,533,Thunderbird
2018-01-23 0:00,1621,Thunderbird
2018-01-24 0:00,1892,Thunderbird
2018-01-25 0:00,1592,Thunderbird
2018-01-26 0:00,1505,Thunderbird
2018-01-27 0:00,1344,Thunderbird
2018-01-28 0:00,654,Thunderbird
2018-01-29 0:00,475,Thunderbird
2018-01-30 0:00,1763,Thunderbird
2018-01-31 0:00,1818,Thunderbird
2018-02-01 0:00,1861,Thunderbird
2018-02-02 0:00,1977,Thunderbird
2018-02-03 0:00,705,Thunderbird
2018-02-04 0:00,331,Thunderbird
2018-02-05 0:00,933,Thunderbird
2018-02-06 0:00,1852,Thunderbird
2018-02-07 0:00,1796,Thunderbird
2018-02-08 0:00,1641,Thunderbird
2018-02-09 0:00,1104,Thunderbird
2018-02-10 0:00,655,Thunderbird
2018-02-11 0:00,510,Thunderbird
2018-02-12 0:00,1366,Thunderbird
2018-02-13 0:00,1445,Thunderbird
2018-02-14 0:00,1336,Thunderbird
2018-02-15 0:00,1376,Thunderbird
2018-02-16 0:00,962,Thunderbird
2018-02-17 0:00,628,Thunderbird
2018-02-18 0:00,687,Thunderbird
2018-02-19 0:00,975,Thunderbird
2018-02-20 0:00,958,Thunderbird
2018-02-21 0:00,836,Thunderbird
2018-02-22 0:00,1007,Thunderbird
2018-02-23 0:00,1121,Thunderbird
2018-02-24 0:00,1138,Thunderbird
2018-02-25 0:00,1358,Thunderbird
2018-02-26 0:00,1563,Thunderbird
2018-02-27 0:00,1129,Thunderbird
2018-02-28 0:00,493,Thunderbird
2018-03-01 0:00,1450,Thunderbird
2018-03-02 0:00,1133,Thunderbird
2018-03-03 0:00,1143,Thunderbird
2018-03-04 0:00,389,Thunderbird
2018-03-05 0:00,1450,Thunderbird
2018-03-06 0:00,1943,Thunderbird
2018-03-07 0:00,1840,Thunderbird
2018-03-08 0:00,1386,Thunderbird
2018-03-09 0:00,1576,Thunderbird
2018-03-10 0:00,688,Thunderbird
2018-03-11 0:00,490,Thunderbird
2018-03-12 0:00,1058,Thunderbird
2018-03-13 0:00,1423,Thunderbird
2018-03-14 0:00,2426,Thunderbird
2018-03-15 0:00,1429,Thunderbird
2018-03-16 0:00,939,Thunderbird
2018-03-17 0:00,584,Thunderbird
2018-03-18 0:00,606,Thunderbird
2018-03-19 0:00,1377,Thunderbird
2018-03-20 0:00,1189,Thunderbird
2018-03-21 0:00,936,Thunderbird
2018-03-22 0:00,1127,Thunderbird
2018-03-23 0:00,928,Thunderbird
2018-03-24 0:00,464,Thunderbird
2018-03-25 0:00,607,Thunderbird
2018-03-26 0:00,1245,Thunderbird
2018-03-27 0:00,861,Thunderbird
2018-03-28 0:00,1227,Thunderbird
2018-03-29 0:00,1212,Thunderbird
2018-03-30 0:00,497,Thunderbird
2018-03-31 0:00,826,Thunderbird
2018-04-01 0:00,1361,Thunderbird
2018-04-02 0:00,1299,Thunderbird
2018-04-03 0:00,1386,Thunderbird
2018-04-04 0:00,266,Thunderbird
2018-04-05 0:00,579,Thunderbird
2018-04-06 0:00,1210,Thunderbird
2018-04-07 0:00,2037,Thunderbird
2018-04-08 0:00,1926,Thunderbird
2018-04-09 0:00,1478,Thunderbird
2018-04-10 0:00,698,Thunderbird
2018-04-11 0:00,364,Thunderbird
2018-04-12 0:00,1111,Thunderbird
2018-04-13 0:00,1637,Thunderbird
2018-04-14 0:00,1602,Thunderbird
2018-04-15 0:00,1618,Thunderbird
2018-04-16 0:00,1307,Thunderbird
2018-04-17 0:00,1026,Thunderbird
2018-04-18 0:00,405,Thunderbird
2018-04-19 0:00,1384,Thunderbird
2018-04-20 0:00,1494,Thunderbird
2018-04-21 0:00,1751,Thunderbird
2018-04-22 0:00,1110,Thunderbird
2018-04-23 0:00,967,Thunderbird
2018-04-24 0:00,358,Thunderbird
2018-04-25 0:00,654,Thunderbird
2018-04-26 0:00,1433,Thunderbird
2018-04-27 0:00,1700,Thunderbird
2018-04-28 0:00,1309,Thunderbird
2018-04-29 0:00,1771,Thunderbird
2018-04-30 0:00,919,Thunderbird
2018-05-01 0:00,289,Thunderbird
2018-05-02 0:00,463,Thunderbird
2018-05-03 0:00,900,Thunderbird
2018-05-04 0:00,761,Thunderbird
2018-05-05 0:00,619,Thunderbird
2018-05-06 0:00,760,Thunderbird
2018-05-07 0:00,583,Thunderbird
2018-05-08 0:00,290,Thunderbird
2018-05-09 0:00,486,Thunderbird
2018-05-10 0:00,796,Thunderbird
2018-05-11 0:00,699,Thunderbird
2018-05-12 0:00,693,Thunderbird
2018-05-13 0:00,840,Thunderbird
2018-05-14 0:00,448,Thunderbird
2018-05-15 0:00,305,Thunderbird
2018-05-16 0:00,340,Thunderbird
2018-05-17 0:00,1092,Thunderbird
2018-05-18 0:00,791,Thunderbird
2018-05-19 0:00,659,Thunderbird
2018-05-20 0:00,784,Thunderbird
2018-05-21 0:00,584,Thunderbird
2018-05-22 0:00,268,Thunderbird
2018-05-23 0:00,427,Thunderbird
2018-05-24 0:00,843,Thunderbird
2018-05-25 0:00,876,Thunderbird
2018-05-26 0:00,707,Thunderbird
2018-05-27 0:00,825,Thunderbird
2018-05-28 0:00,600,Thunderbird
2018-05-29 0:00,185,Thunderbird
2018-05-30 0:00,469,Thunderbird
2018-05-31 0:00,768,Thunderbird
2018-06-01 0:00,858,Thunderbird
2018-06-02 0:00,660,Thunderbird
2018-06-03 0:00,555,Thunderbird
2018-06-04 0:00,393,Thunderbird
2018-06-05 0:00,304,Thunderbird
2018-06-06 0:00,135,Thunderbird
2018-06-07 0:00,894,Thunderbird
2018-06-08 0:00,694,Thunderbird
2018-06-09 0:00,776,Thunderbird
2018-06-10 0:00,1414,Thunderbird
2018-06-11 0:00,920,Thunderbird
2018-06-12 0:00,238,Thunderbird
2018-06-13 0:00,697,Thunderbird
2018-06-14 0:00,1129,Thunderbird
2018-06-15 0:00,826,Thunderbird
2018-06-16 0:00,681,Thunderbird
2018-06-17 0:00,632,Thunderbird
2018-06-18 0:00,185,Thunderbird
2018-06-19 0:00,148,Thunderbird
2018-06-20 0:00,653,Thunderbird
2018-06-21 0:00,698,Thunderbird
2018-06-22 0:00,849,Thunderbird
2018-06-23 0:00,562,Thunderbird
2018-06-24 0:00,448,Thunderbird
2018-06-25 0:00,147,Thunderbird
2018-06-26 0:00,745,Thunderbird
2018-06-27 0:00,548,Thunderbird
2018-06-28 0:00,799,Thunderbird
2018-06-29 0:00,623,Thunderbird
2018-06-30 0:00,492,Thunderbird
2018-07-01 0:00,541,Thunderbird
2018-07-02 0:00,546,Thunderbird
2018-07-03 0:00,521,Thunderbird
2018-07-04 0:00,766,Thunderbird
2018-07-05 0:00,650,Thunderbird
2018-07-06 0:00,575,Thunderbird
2018-07-07 0:00,2070,Thunderbird
2018-07-08 0:00,565,Thunderbird
2018-07-09 0:00,104,Thunderbird
2018-07-10 0:00,128,Thunderbird
2018-07-11 0:00,878,Thunderbird
2018-07-12 0:00,620,Thunderbird
2018-07-13 0:00,533,Thunderbird
2018-07-14 0:00,876,Thunderbird
2018-07-15 0:00,568,Thunderbird
2018-07-16 0:00,120,Thunderbird
2018-07-17 0:00,124,Thunderbird
2018-07-18 0:00,699,Thunderbird
2018-07-19 0:00,818,Thunderbird
2018-07-20 0:00,672,Thunderbird
2018-07-21 0:00,699,Thunderbird
2018-07-22 0:00,623,Thunderbird
2018-07-23 0:00,157,Thunderbird
2018-07-24 0:00,129,Thunderbird
2018-07-25 0:00,728,Thunderbird
2018-07-26 0:00,634,Thunderbird
2018-07-27 0:00,510,Thunderbird
2018-07-28 0:00,571,Thunderbird
2018-07-29 0:00,534,Thunderbird
2018-07-30 0:00,137,Thunderbird
2018-07-31 0:00,106,Thunderbird
2018-08-01 0:00,162,Thunderbird
2018-08-02 0:00,740,Thunderbird
2018-08-03 0:00,827,Thunderbird
2018-08-04 0:00,600,Thunderbird
2018-08-05 0:00,452,Thunderbird
2018-08-06 0:00,178,Thunderbird
2018-08-07 0:00,186,Thunderbird
2018-08-08 0:00,679,Thunderbird
2018-08-09 0:00,580,Thunderbird
2018-08-10 0:00,770,Thunderbird
2018-08-11 0:00,630,Thunderbird
2018-08-12 0:00,646,Thunderbird
2018-08-13 0:00,117,Thunderbird
2018-08-14 0:00,145,Thunderbird
2018-08-15 0:00,743,Thunderbird
2018-08-16 0:00,940,Thunderbird
2018-08-17 0:00,702,Thunderbird
2018-08-18 0:00,624,Thunderbird
2018-08-19 0:00,542,Thunderbird
2018-08-20 0:00,119,Thunderbird
2018-08-21 0:00,109,Thunderbird
2018-08-22 0:00,512,Thunderbird
2018-08-23 0:00,660,Thunderbird
2018-08-24 0:00,712,Thunderbird
2018-08-25 0:00,640,Thunderbird
2018-08-26 0:00,589,Thunderbird
2018-08-27 0:00,1486,Thunderbird
2018-08-28 0:00,344,Thunderbird
2018-08-29 0:00,852,Thunderbird
2018-08-30 0:00,827,Thunderbird
2018-08-31 0:00,950,Thunderbird
2018-09-01 0:00,1002,Thunderbird
2018-09-02 0:00,780,Thunderbird
2018-09-03 0:00,1520,Thunderbird
2018-09-04 0:00,183,Thunderbird
2018-09-05 0:00,217,Thunderbird
2018-09-06 0:00,1565,Thunderbird
2018-09-07 0:00,2184,Thunderbird
2018-09-08 0:00,1440,Thunderbird
2018-09-09 0:00,1109,Thunderbird
2018-09-10 0:00,372,Thunderbird
2018-09-11 0:00,306,Thunderbird
2018-09-12 0:00,1352,Thunderbird
2018-09-13 0:00,1837,Thunderbird
2018-09-14 0:00,1524,Thunderbird
2018-09-15 0:00,1618,Thunderbird
2018-09-16 0:00,1294,Thunderbird
2018-09-17 0:00,1390,Thunderbird
2018-09-18 0:00,384,Thunderbird
2018-09-19 0:00,622,Thunderbird
2018-09-20 0:00,2150,Thunderbird
2018-09-21 0:00,1593,Thunderbird
2018-09-22 0:00,1814,Thunderbird
2018-09-23 0:00,1652,Thunderbird
2018-09-24 0:00,896,Thunderbird
2018-09-25 0:00,412,Thunderbird
2018-09-26 0:00,1450,Thunderbird
2018-09-27 0:00,1686,Thunderbird
2018-09-28 0:00,1401,Thunderbird
2018-09-29 0:00,1712,Thunderbird
2018-09-30 0:00,426,Thunderbird
2018-10-01 0:00,464,Thunderbird
2018-10-02 0:00,542,Thunderbird
2018-10-03 0:00,1417,Thunderbird
2018-10-04 0:00,2228,Thunderbird
2018-10-05 0:00,1595,Thunderbird
2018-10-06 0:00,1486,Thunderbird
2018-10-07 0:00,1220,Thunderbird
2018-10-08 0:00,464,Thunderbird
2018-10-09 0:00,826,Thunderbird
2018-10-10 0:00,170,Thunderbird
2018-10-11 0:00,1965,Thunderbird
2018-10-12 0:00,1601,Thunderbird
2018-10-13 0:00,1639,Thunderbird
2018-10-14 0:00,1440,Thunderbird
2018-10-15 0:00,800,Thunderbird
2018-10-16 0:00,552,Thunderbird
2018-10-17 0:00,1876,Thunderbird
2018-10-18 0:00,1682,Thunderbird
2018-10-19 0:00,1888,Thunderbird
2018-10-20 0:00,1825,Thunderbird
2018-10-21 0:00,2719,Thunderbird
2018-10-22 0:00,825,Thunderbird
2018-10-23 0:00,690,Thunderbird
2018-10-24 0:00,1622,Thunderbird
2018-10-25 0:00,1588,Thunderbird
2018-10-26 0:00,1854,Thunderbird
2018-10-27 0:00,1677,Thunderbird
2018-10-28 0:00,984,Thunderbird
2018-10-29 0:00,1002,Thunderbird
2018-10-30 0:00,465,Thunderbird
2018-10-31 0:00,1540,Thunderbird
2018-11-01 0:00,1222,Thunderbird
2018-11-02 0:00,1628,Thunderbird
2018-11-03 0:00,1739,Thunderbird
2018-11-04 0:00,1453,Thunderbird
2018-11-05 0:00,535,Thunderbird
2018-11-06 0:00,673,Thunderbird
2018-11-07 0:00,1124,Thunderbird
2018-11-08 0:00,1643,Thunderbird
2018-11-09 0:00,1001,Thunderbird
2018-11-10 0:00,994,Thunderbird
2018-11-11 0:00,346,Thunderbird
2018-11-12 0:00,527,Thunderbird
2018-11-13 0:00,497,Thunderbird
2018-11-14 0:00,1781,Thunderbird
2018-11-15 0:00,1767,Thunderbird
2018-11-16 0:00,1736,Thunderbird
2018-11-17 0:00,1793,Thunderbird
2018-11-18 0:00,1045,Thunderbird
2018-11-19 0:00,595,Thunderbird
2018-11-20 0:00,675,Thunderbird
2018-11-21 0:00,1226,Thunderbird
2018-11-22 0:00,1447,Thunderbird
2018-11-23 0:00,1776,Thunderbird
2018-11-24 0:00,1732,Thunderbird
2018-11-25 0:00,1532,Thunderbird
2018-11-26 0:00,525,Thunderbird
2018-11-27 0:00,689,Thunderbird
2018-11-28 0:00,1874,Thunderbird
2018-11-29 0:00,1475,Thunderbird
2018-11-30 0:00,563,Thunderbird
2018-12-01 0:00,1832,Thunderbird
2018-12-02 0:00,928,Thunderbird
2018-12-03 0:00,527,Thunderbird
2018-12-04 0:00,449,Thunderbird
2018-12-05 0:00,1273,Thunderbird
2018-12-06 0:00,1788,Thunderbird
2018-12-07 0:00,1721,Thunderbird
2018-12-08 0:00,1219,Thunderbird
2018-12-09 0:00,1346,Thunderbird
2018-12-10 0:00,495,Thunderbird
2018-12-11 0:00,677,Thunderbird
2018-12-12 0:00,1655,Thunderbird
2018-12-13 0:00,1461,Thunderbird
2018-12-14 0:00,1105,Thunderbird
2018-12-15 0:00,1352,Thunderbird
2018-12-16 0:00,958,Thunderbird
2018-12-17 0:00,653,Thunderbird
2018-12-18 0:00,323,Thunderbird
2018-12-19 0:00,751,Thunderbird
2018-12-20 0:00,206,Thunderbird
2018-12-21 0:00,448,Thunderbird
2018-12-22 0:00,631,Thunderbird
2018-12-23 0:00,161,Thunderbird
2018-12-24 0:00,60,Thunderbird
2018-12-25 0:00,40,Thunderbird
2018-12-26 0:00,67,Thunderbird
2018-12-27 0:00,143,Thunderbird
2018-12-28 0:00,138,Thunderbird
2018-12-29 0:00,196,Thunderbird
2018-12-30 0:00,242,Thunderbird
2018-12-31 0:00,71,Thunderbird
2019-01-01 0:00,56,Thunderbird
2019-01-02 0:00,110,Thunderbird
2019-01-03 0:00,574,Thunderbird
2019-01-04 0:00,787,Thunderbird
2019-01-05 0:00,682,Thunderbird
2019-01-06 0:00,584,Thunderbird
2019-01-07 0:00,315,Thunderbird
2019-01-08 0:00,379,Thunderbird
2019-01-09 0:00,1404,Thunderbird
2019-01-10 0:00,1912,Thunderbird
2019-01-11 0:00,1844,Thunderbird
2019-01-12 0:00,1929,Thunderbird
2019-01-13 0:00,1951,Thunderbird
2019-01-14 0:00,603,Thunderbird
2019-01-15 0:00,1752,Thunderbird
2019-01-16 0:00,1988,Thunderbird
2019-01-17 0:00,1948,Thunderbird
2019-01-18 0:00,2014,Thunderbird
2019-01-19 0:00,1660,Thunderbird
2019-01-20 0:00,1785,Thunderbird
2019-01-21 0:00,648,Thunderbird
2019-01-22 0:00,625,Thunderbird
2019-01-23 0:00,1649,Thunderbird
2019-01-24 0:00,1815,Thunderbird
2019-01-25 0:00,1644,Thunderbird
2019-01-26 0:00,1580,Thunderbird
2019-01-27 0:00,1465,Thunderbird
2019-01-28 0:00,626,Thunderbird
2019-01-29 0:00,521,Thunderbird
2019-01-30 0:00,1695,Thunderbird
2019-01-31 0:00,1876,Thunderbird
2019-02-01 0:00,1934,Thunderbird
2019-02-02 0:00,1891,Thunderbird
2019-02-03 0:00,690,Thunderbird
2019-02-04 0:00,304,Thunderbird
2019-02-05 0:00,897,Thunderbird
2019-02-06 0:00,1891,Thunderbird
2019-02-07 0:00,1935,Thunderbird
2019-02-08 0:00,1554,Thunderbird
2019-02-09 0:00,1107,Thunderbird
2019-02-10 0:00,585,Thunderbird
2019-02-11 0:00,524,Thunderbird
2019-02-12 0:00,1288,Thunderbird
2019-02-13 0:00,1438,Thunderbird
2019-02-14 0:00,1405,Thunderbird
2019-02-15 0:00,1430,Thunderbird
2019-02-16 0:00,889,Thunderbird
2019-02-17 0:00,558,Thunderbird
2019-02-18 0:00,742,Thunderbird
2019-02-19 0:00,1051,Thunderbird
2019-02-20 0:00,960,Thunderbird
2019-02-21 0:00,876,Thunderbird
2019-02-22 0:00,1107,Thunderbird
2019-02-23 0:00,1075,Thunderbird
2019-02-24 0:00,1122,Thunderbird
2019-02-25 0:00,1236,Thunderbird
2019-02-26 0:00,1548,Thunderbird
2019-02-27 0:00,1080,Thunderbird
2019-02-28 0:00,518,Thunderbird
2019-03-01 0:00,1381,Thunderbird
2019-03-02 0:00,1149,Thunderbird
2019-03-03 0:00,1117,Thunderbird
2019-03-04 0:00,358,Thunderbird
2019-03-05 0:00,1426,Thunderbird
2019-03-06 0:00,1909,Thunderbird
2019-03-07 0:00,1777,Thunderbird
2019-03-08 0:00,1408,Thunderbird
2019-03-09 0:00,1586,Thunderbird
2019-03-10 0:00,748,Thunderbird
2019-03-11 0:00,455,Thunderbird
2019-03-12 0:00,1112,Thunderbird
2019-03-13 0:00,1492,Thunderbird
2019-03-14 0:00,2334,Thunderbird
2019-03-15 0:00,1636,Thunderbird
2019-03-16 0:00,1090,Thunderbird
2019-03-17 0:00,595,Thunderbird
2019-03-18 0:00,567,Thunderbird
2019-03-19 0:00,1267,Thunderbird
2019-03-20 0:00,1277,Thunderbird
2019-03-21 0:00,939,Thunderbird
2019-03-22 0:00,1110,Thunderbird
2019-03-23 0:00,810,Thunderbird
2019-03-24 0:00,454,Thunderbird
2019-03-25 0:00,533,Thunderbird
2019-03-26 0:00,1191,Thunderbird
2019-03-27 0:00,864,Thunderbird
2019-03-28 0:00,1171,Thunderbird
2019-03-29 0:00,1159,Thunderbird
2019-03-30 0:00,471,Thunderbird
2019-03-31 0:00,808,Thunderbird
2019-04-01 0:00,1375,Thunderbird
2019-04-02 0:00,1385,Thunderbird
2019-04-03 0:00,1218,Thunderbird
2019-04-04 0:00,271,Thunderbird
2019-04-05 0:00,629,Thunderbird
2019-04-06 0:00,1288,Thunderbird
2019-04-07 0:00,1952,Thunderbird
2019-04-08 0:00,1851,Thunderbird
2019-04-09 0:00,1320,Thunderbird
2019-04-10 0:00,740,Thunderbird
2019-04-11 0:00,348,Thunderbird
2019-04-12 0:00,1135,Thunderbird
2019-04-13 0:00,1742,Thunderbird
2019-04-14 0:00,1721,Thunderbird
2019-04-15 0:00,1731,Thunderbird
2019-04-16 0:00,1222,Thunderbird
2019-04-17 0:00,1084,Thunderbird
2019-04-18 0:00,394,Thunderbird
2019-04-19 0:00,1494,Thunderbird
2019-04-20 0:00,1477,Thunderbird
2019-04-21 0:00,1566,Thunderbird
2019-04-22 0:00,1095,Thunderbird
2019-04-23 0:00,1055,Thunderbird
2019-04-24 0:00,382,Thunderbird
2019-04-25 0:00,675,Thunderbird
2019-04-26 0:00,1310,Thunderbird
2019-04-27 0:00,1943,Thunderbird
2019-04-28 0:00,1298,Thunderbird
2019-04-29 0:00,1779,Thunderbird
2019-04-30 0:00,851,Thunderbird
2019-05-01 0:00,282,Thunderbird
2019-05-02 0:00,512,Thunderbird
2019-05-03 0:00,861,Thunderbird
2019-05-04 0:00,734,Thunderbird
2019-05-05 0:00,546,Thunderbird
2019-05-06 0:00,756,Thunderbird
2019-05-07 0:00,523,Thunderbird
2019-05-08 0:00,289,Thunderbird
2019-05-09 0:00,482,Thunderbird
2019-05-10 0:00,884,Thunderbird
2019-05-11 0:00,717,Thunderbird
2019-05-12 0:00,658,Thunderbird
2019-05-13 0:00,786,Thunderbird
2019-05-14 0:00,456,Thunderbird
2019-05-15 0:00,310,Thunderbird
2019-05-16 0:00,355,Thunderbird
2019-05-17 0:00,1012,Thunderbird
2019-05-18 0:00,766,Thunderbird
2019-05-19 0:00,662,Thunderbird
2019-05-20 0:00,715,Thunderbird
2019-05-21 0:00,583,Thunderbird
2019-05-22 0:00,279,Thunderbird
2019-05-23 0:00,524,Thunderbird
2019-05-24 0:00,793,Thunderbird
2019-05-25 0:00,871,Thunderbird
2019-05-26 0:00,794,Thunderbird
2019-05-27 0:00,792,Thunderbird
2019-05-28 0:00,500,Thunderbird
2019-05-29 0:00,191,Thunderbird
2019-05-30 0:00,516,Thunderbird
2019-05-31 0:00,795,Thunderbird
2019-06-01 0:00,786,Thunderbird
2019-06-02 0:00,647,Thunderbird
2019-06-03 0:00,582,Thunderbird
2019-06-04 0:00,384,Thunderbird
2019-06-05 0:00,309,Thunderbird
2019-06-06 0:00,122,Thunderbird
2019-06-07 0:00,823,Thunderbird
2019-06-08 0:00,636,Thunderbird
2019-06-09 0:00,786,Thunderbird
2019-06-10 0:00,1426,Thunderbird
2019-06-11 0:00,979,Thunderbird
2019-06-12 0:00,241,Thunderbird
2019-06-13 0:00,725,Thunderbird
2019-06-14 0:00,1130,Thunderbird
2019-06-15 0:00,907,Thunderbird
2019-06-16 0:00,851,Thunderbird
2019-06-17 0:00,620,Thunderbird
2019-06-18 0:00,176,Thunderbird
2019-06-19 0:00,146,Thunderbird
2019-06-20 0:00,752,Thunderbird
2019-06-21 0:00,774,Thunderbird
2019-06-22 0:00,842,Thunderbird
2019-06-23 0:00,513,Thunderbird
2019-06-24 0:00,427,Thunderbird
2019-06-25 0:00,143,Thunderbird
2019-06-26 0:00,772,Thunderbird
2019-06-27 0:00,615,Thunderbird
2019-06-28 0:00,787,Thunderbird
2019-06-29 0:00,719,Thunderbird
2019-06-30 0:00,512,Thunderbird
2019-07-01 0:00,545,Thunderbird
2019-07-02 0:00,501,Thunderbird
2019-07-03 0:00,510,Thunderbird
2019-07-04 0:00,789,Thunderbird
2019-07-05 0:00,656,Thunderbird
2019-07-06 0:00,630,Thunderbird
2019-07-07 0:00,2096,Thunderbird
2019-07-08 0:00,587,Thunderbird
2019-07-09 0:00,104,Thunderbird
2019-07-10 0:00,134,Thunderbird
2019-07-11 0:00,813,Thunderbird
2019-07-12 0:00,727,Thunderbird
2019-07-13 0:00,543,Thunderbird
2019-07-14 0:00,805,Thunderbird
2019-07-15 0:00,548,Thunderbird
2019-07-16 0:00,114,Thunderbird
2019-07-17 0:00,123,Thunderbird
2019-07-18 0:00,786,Thunderbird
2019-07-19 0:00,742,Thunderbird
2019-07-20 0:00,736,Thunderbird
2019-07-21 0:00,584,Thunderbird
2019-07-22 0:00,631,Thunderbird
2019-07-23 0:00,136,Thunderbird
2019-07-24 0:00,124,Thunderbird
2019-07-25 0:00,742,Thunderbird
2019-07-26 0:00,692,Thunderbird
2019-07-27 0:00,541,Thunderbird
2019-07-28 0:00,587,Thunderbird
2019-07-29 0:00,543,Thunderbird
2019-07-30 0:00,141,Thunderbird
2019-07-31 0:00,104,Thunderbird
2019-08-01 0:00,144,Thunderbird
2019-08-02 0:00,736,Thunderbird
2019-08-03 0:00,778,Thunderbird
2019-08-04 0:00,595,Thunderbird
2019-08-05 0:00,501,Thunderbird
2019-08-06 0:00,172,Thunderbird
2019-08-07 0:00,168,Thunderbird
2019-08-08 0:00,677,Thunderbird
2019-08-09 0:00,631,Thunderbird
2019-08-10 0:00,750,Thunderbird
2019-08-11 0:00,621,Thunderbird
2019-08-12 0:00,628,Thunderbird
2019-08-13 0:00,123,Thunderbird
2019-08-14 0:00,146,Thunderbird
2019-08-15 0:00,663,Thunderbird
2019-08-16 0:00,893,Thunderbird
2019-08-17 0:00,666,Thunderbird
2019-08-18 0:00,636,Thunderbird
2019-08-19 0:00,545,Thunderbird
2019-08-20 0:00,122,Thunderbird
2019-08-21 0:00,126,Thunderbird
2019-08-22 0:00,546,Thunderbird
2019-08-23 0:00,730,Thunderbird
2019-08-24 0:00,678,Thunderbird
2019-08-25 0:00,642,Thunderbird
2019-08-26 0:00,597,Thunderbird
2019-08-27 0:00,1498,Thunderbird
2019-08-28 0:00,314,Thunderbird
2019-08-29 0:00,868,Thunderbird
2019-08-30 0:00,822,Thunderbird
2019-08-31 0:00,1045,Thunderbird
2019-09-01 0:00,1058,Thunderbird
2019-09-02 0:00,835,Thunderbird
2019-09-03 0:00,1503,Thunderbird
2019-09-04 0:00,187,Thunderbird
2019-09-05 0:00,241,Thunderbird
2019-09-06 0:00,1766,Thunderbird
2019-09-07 0:00,2222,Thunderbird
2019-09-08 0:00,1485,Thunderbird
2019-09-09 0:00,1178,Thunderbird
2019-09-10 0:00,424,Thunderbird
2019-09-11 0:00,320,Thunderbird
2019-09-12 0:00,1410,Thunderbird
2019-09-13 0:00,1883,Thunderbird
2019-09-14 0:00,1468,Thunderbird
2019-09-15 0:00,1569,Thunderbird
2019-09-16 0:00,1270,Thunderbird
2019-09-17 0:00,1458,Thunderbird
2019-09-18 0:00,352,Thunderbird
2019-09-19 0:00,560,Thunderbird
2019-09-20 0:00,2025,Thunderbird
2019-09-21 0:00,1575,Thunderbird
2019-09-22 0:00,1810,Thunderbird
2019-09-23 0:00,1606,Thunderbird
2019-09-24 0:00,862,Thunderbird
2019-09-25 0:00,451,Thunderbird
2019-09-26 0:00,1374,Thunderbird
2019-09-27 0:00,1854,Thunderbird
2019-09-28 0:00,1462,Thunderbird
2019-09-29 0:00,1656,Thunderbird
2019-09-30 0:00,406,Thunderbird
2019-10-01 0:00,453,Thunderbird
2019-10-02 0:00,518,Thunderbird
2019-10-03 0:00,1656,Thunderbird
2019-10-04 0:00,2083,Thunderbird
2019-10-05 0:00,1700,Thunderbird
2019-10-06 0:00,1656,Thunderbird
2019-10-07 0:00,1410,Thunderbird
2019-10-08 0:00,416,Thunderbird
2019-10-09 0:00,841,Thunderbird
2019-10-10 0:00,180,Thunderbird
2019-10-11 0:00,1976,Thunderbird
2019-10-12 0:00,1725,Thunderbird
2019-10-13 0:00,1684,Thunderbird
2019-10-14 0:00,1381,Thunderbird
2019-10-15 0:00,761,Thunderbird
2019-10-16 0:00,554,Thunderbird
2019-10-17 0:00,1647,Thunderbird
2019-10-18 0:00,1670,Thunderbird
2019-10-19 0:00,1726,Thunderbird
2019-10-20 0:00,1752,Thunderbird
2019-10-21 0:00,2540,Thunderbird
2019-10-22 0:00,792,Thunderbird
2019-10-23 0:00,643,Thunderbird
2019-10-24 0:00,1766,Thunderbird
2019-10-25 0:00,1458,Thunderbird
2019-10-26 0:00,1872,Thunderbird
2019-10-27 0:00,1704,Thunderbird
2019-10-28 0:00,998,Thunderbird
2019-10-29 0:00,968,Thunderbird
2019-10-30 0:00,463,Thunderbird
2019-10-31 0:00,1522,Thunderbird
2019-11-01 0:00,1492,Thunderbird
2019-11-02 0:00,1518,Thunderbird
2019-11-03 0:00,1666,Thunderbird
2019-11-04 0:00,1275,Thunderbird
2019-11-05 0:00,581,Thunderbird
2019-11-06 0:00,657,Thunderbird
2019-11-07 0:00,1281,Thunderbird
2019-11-08 0:00,1705,Thunderbird
2019-11-09 0:00,959,Thunderbird
2019-11-10 0:00,965,Thunderbird
2019-11-11 0:00,369,Thunderbird
2019-11-12 0:00,525,Thunderbird
2019-11-13 0:00,513,Thunderbird
2019-11-14 0:00,1834,Thunderbird
2019-11-15 0:00,1784,Thunderbird
2019-11-16 0:00,1711,Thunderbird
2019-11-17 0:00,1785,Thunderbird
2019-11-18 0:00,1287,Thunderbird
2019-11-19 0:00,566,Thunderbird
2019-11-20 0:00,653,Thunderbird
2019-11-21 0:00,1349,Thunderbird
2019-11-22 0:00,1569,Thunderbird
2019-11-23 0:00,2017,Thunderbird
2019-11-24 0:00,1772,Thunderbird
2019-11-25 0:00,1537,Thunderbird
2019-11-26 0:00,602,Thunderbird
2019-11-27 0:00,656,Thunderbird
2019-11-28 0:00,1921,Thunderbird
2019-11-29 0:00,1635,Thunderbird
2019-11-30 0:00,598,Thunderbird
2019-12-01 0:00,1630,Thunderbird
2019-12-02 0:00,948,Thunderbird
2019-12-03 0:00,547,Thunderbird
2019-12-04 0:00,511,Thunderbird
2019-12-05 0:00,1272,Thunderbird
2019-12-06 0:00,1747,Thunderbird
2019-12-07 0:00,1609,Thunderbird
2019-12-08 0:00,1412,Thunderbird
2019-12-09 0:00,1219,Thunderbird
2019-12-10 0:00,489,Thunderbird
2019-12-11 0:00,643,Thunderbird
2019-12-12 0:00,1652,Thunderbird
2019-12-13 0:00,1470,Thunderbird
2019-12-14 0:00,1187,Thunderbird
2019-12-15 0:00,1315,Thunderbird
2019-12-16 0:00,1026,Thunderbird
2019-12-17 0:00,576,Thunderbird
2019-12-18 0:00,343,Thunderbird
2019-12-19 0:00,732,Thunderbird
2019-12-20 0:00,190,Thunderbird
2019-12-21 0:00,454,Thunderbird
2019-12-22 0:00,612,Thunderbird
2019-12-23 0:00,148,Thunderbird
2019-12-24 0:00,63,Thunderbird
2019-12-25 0:00,38,Thunderbird
2019-12-26 0:00,65,Thunderbird
2019-12-27 0:00,138,Thunderbird
2019-12-28 0:00,148,Thunderbird
2019-12-29 0:00,185,Thunderbird
2019-12-30 0:00,222,Thunderbird
2019-12-31 0:00,74,Thunderbird
2020-01-01 0:00,54,Thunderbird
2020-01-02 0:00,120,Thunderbird
2020-01-03 0:00,603,Thunderbird
2020-01-04 0:00,774,Thunderbird
2020-01-05 0:00,755,Thunderbird
2020-01-06 0:00,607,Thunderbird
2020-01-07 0:00,334,Thunderbird
2020-01-08 0:00,359,Thunderbird
2020-01-09 0:00,1454,Thunderbird
2020-01-10 0:00,1787,Thunderbird
2020-01-11 0:00,1921,Thunderbird
2020-01-12 0:00,1845,Thunderbird
2020-01-13 0:00,1895,Thunderbird
2020-01-14 0:00,626,Thunderbird
2020-01-15 0:00,1749,Thunderbird
2020-01-16 0:00,2007,Thunderbird
2020-01-17 0:00,1951,Thunderbird
2020-01-18 0:00,2083,Thunderbird
2020-01-19 0:00,1874,Thunderbird
2020-01-20 0:00,1574,Thunderbird
2020-01-21 0:00,632,Thunderbird
2020-01-22 0:00,604,Thunderbird
2020-01-23 0:00,1703,Thunderbird
2020-01-24 0:00,2082,Thunderbird
2020-01-25 0:00,1672,Thunderbird
2020-01-26 0:00,1612,Thunderbird
2020-01-27 0:00,1422,Thunderbird
2020-01-28 0:00,583,Thunderbird
2020-01-29 0:00,537,Thunderbird
2020-01-30 0:00,1696,Thunderbird
2020-01-31 0:00,1709,Thunderbird
2020-02-01 0:00,1960,Thunderbird
2020-02-02 0:00,1833,Thunderbird
2020-02-03 0:00,807,Thunderbird
2020-02-04 0:00,336,Thunderbird
2020-02-05 0:00,852,Thunderbird
2020-02-06 0:00,1744,Thunderbird
2020-02-07 0:00,1680,Thunderbird
2020-02-08 0:00,1563,Thunderbird
2020-02-09 0:00,1057,Thunderbird
2020-02-10 0:00,607,Thunderbird
2020-02-11 0:00,504,Thunderbird
2020-02-12 0:00,1244,Thunderbird
2020-02-13 0:00,1271,Thunderbird
2020-02-14 0:00,1493,Thunderbird
2020-02-15 0:00,1321,Thunderbird
2020-02-16 0:00,879,Thunderbird
2020-02-17 0:00,519,Thunderbird
2020-02-18 0:00,803,Thunderbird
2020-02-19 0:00,1016,Thunderbird
2020-02-20 0:00,903,Thunderbird
2020-02-21 0:00,871,Thunderbird
2020-02-22 0:00,963,Thunderbird
2020-02-23 0:00,949,Thunderbird
2020-02-24 0:00,1133,Thunderbird
2020-02-25 0:00,1123,Thunderbird
2020-02-26 0:00,1389,Thunderbird
2020-02-27 0:00,1019,Thunderbird
2020-02-28 0:00,474,Thunderbird
2020-02-29 0:00,503,Thunderbird
2020-03-01 0:00,1306,Thunderbird
2020-03-02 0:00,1336,Thunderbird
2020-03-03 0:00,1138,Thunderbird
2020-03-04 0:00,363,Thunderbird
2020-03-05 0:00,1340,Thunderbird
2020-03-06 0:00,1695,Thunderbird
2020-03-07 0:00,1874,Thunderbird
2020-03-08 0:00,1440,Thunderbird
2020-03-09 0:00,1517,Thunderbird
2020-03-10 0:00,760,Thunderbird
2020-03-11 0:00,475,Thunderbird
2020-03-12 0:00,1178,Thunderbird
2020-03-13 0:00,1650,Thunderbird
2020-03-14 0:00,1976,Thunderbird
2020-03-15 0:00,1759,Thunderbird
2020-03-16 0:00,1091,Thunderbird
2020-03-17 0:00,606,Thunderbird
2020-03-18 0:00,524,Thunderbird
2020-03-19 0:00,1152,Thunderbird
2020-03-20 0:00,1330,Thunderbird
2020-03-21 0:00,978,Thunderbird
2020-03-22 0:00,1097,Thunderbird
2020-03-23 0:00,859,Thunderbird
2020-03-24 0:00,418,Thunderbird
2020-03-25 0:00,531,Thunderbird
2020-03-26 0:00,1077,Thunderbird
2020-03-27 0:00,856,Thunderbird
2020-03-28 0:00,1139,Thunderbird
2020-03-29 0:00,1193,Thunderbird
2020-03-30 0:00,567,Thunderbird
2020-03-31 0:00,767,Thunderbird
2020-04-01 0:00,1416,Thunderbird
2020-04-02 0:00,1253,Thunderbird
2020-04-03 0:00,1187,Thunderbird
2020-04-04 0:00,273,Thunderbird
2020-04-05 0:00,730,Thunderbird
2020-04-06 0:00,1420,Thunderbird
2020-04-07 0:00,2047,Thunderbird
2020-04-08 0:00,1815,Thunderbird
2020-04-09 0:00,1324,Thunderbird
2020-04-10 0:00,895,Thunderbird
2020-04-11 0:00,344,Thunderbird
2020-04-12 0:00,1133,Thunderbird
2020-04-13 0:00,1734,Thunderbird
2020-04-14 0:00,1749,Thunderbird
2020-04-15 0:00,1782,Thunderbird
2020-04-16 0:00,1335,Thunderbird
2020-04-17 0:00,1034,Thunderbird
2020-04-18 0:00,434,Thunderbird
2020-04-19 0:00,1450,Thunderbird
2020-04-20 0:00,1442,Thunderbird
2020-04-21 0:00,1555,Thunderbird
2020-04-22 0:00,1212,Thunderbird
2020-04-23 0:00,1101,Thunderbird
2020-04-24 0:00,427,Thunderbird
2020-04-25 0:00,604,Thunderbird
2020-04-26 0:00,1340,Thunderbird
2020-04-27 0:00,1709,Thunderbird
2020-04-28 0:00,1423,Thunderbird
2020-04-29 0:00,1825,Thunderbird
2020-04-30 0:00,941,Thunderbird
2020-05-01 0:00,289,Thunderbird
2020-05-02 0:00,519,Thunderbird
2020-05-03 0:00,874,Thunderbird
2020-05-04 0:00,715,Thunderbird
2020-05-05 0:00,619,Thunderbird
2020-05-06 0:00,708,Thunderbird
2020-05-07 0:00,546,Thunderbird
2020-05-08 0:00,312,Thunderbird
2020-05-09 0:00,511,Thunderbird
2020-05-10 0:00,852,Thunderbird
2020-05-11 0:00,750,Thunderbird
2020-05-12 0:00,731,Thunderbird
2020-05-13 0:00,747,Thunderbird
2020-05-14 0:00,441,Thunderbird
2020-05-15 0:00,321,Thunderbird
2020-05-16 0:00,334,Thunderbird
2020-05-17 0:00,935,Thunderbird
2020-05-18 0:00,810,Thunderbird
2020-05-19 0:00,649,Thunderbird
2020-05-20 0:00,787,Thunderbird
2020-05-21 0:00,633,Thunderbird
2020-05-22 0:00,270,Thunderbird
2020-05-23 0:00,502,Thunderbird
2020-05-24 0:00,764,Thunderbird
2020-05-25 0:00,834,Thunderbird
2020-05-26 0:00,825,Thunderbird
2020-05-27 0:00,800,Thunderbird
2020-05-28 0:00,490,Thunderbird
2020-05-29 0:00,198,Thunderbird
2020-05-30 0:00,530,Thunderbird
2020-05-31 0:00,769,Thunderbird
2020-06-01 0:00,779,Thunderbird
2020-06-02 0:00,652,Thunderbird
2020-06-03 0:00,583,Thunderbird
2020-06-04 0:00,385,Thunderbird
2020-06-05 0:00,335,Thunderbird
2020-06-06 0:00,128,Thunderbird
2020-06-07 0:00,871,Thunderbird
2020-06-08 0:00,711,Thunderbird
2020-06-09 0:00,793,Thunderbird
2020-06-10 0:00,1263,Thunderbird
2020-06-11 0:00,1012,Thunderbird
2020-06-12 0:00,246,Thunderbird
2020-06-13 0:00,659,Thunderbird
2020-06-14 0:00,1007,Thunderbird
2020-06-15 0:00,947,Thunderbird
2020-06-16 0:00,830,Thunderbird
2020-06-17 0:00,630,Thunderbird
2020-06-18 0:00,189,Thunderbird
2020-06-19 0:00,133,Thunderbird
2020-06-20 0:00,775,Thunderbird
2020-06-21 0:00,898,Thunderbird
2020-06-22 0:00,812,Thunderbird
2020-06-23 0:00,515,Thunderbird
2020-06-24 0:00,510,Thunderbird
2020-06-25 0:00,161,Thunderbird
2020-06-26 0:00,731,Thunderbird
2020-06-27 0:00,618,Thunderbird
2020-06-28 0:00,738,Thunderbird
2020-06-29 0:00,699,Thunderbird
2020-06-30 0:00,592,Thunderbird
2020-07-01 0:00,563,Thunderbird
2020-07-02 0:00,485,Thunderbird
2020-07-03 0:00,538,Thunderbird
2020-07-04 0:00,811,Thunderbird
2020-07-05 0:00,724,Thunderbird
2020-07-06 0:00,613,Thunderbird
2020-07-07 0:00,1959,Thunderbird
2020-07-08 0:00,590,Thunderbird
2020-07-09 0:00,111,Thunderbird
2020-07-10 0:00,133,Thunderbird
2020-07-11 0:00,710,Thunderbird
2020-07-12 0:00,743,Thunderbird
2020-07-13 0:00,551,Thunderbird
2020-07-14 0:00,711,Thunderbird
2020-07-15 0:00,559,Thunderbird
2020-07-16 0:00,112,Thunderbird
2020-07-17 0:00,117,Thunderbird
2020-07-18 0:00,762,Thunderbird
2020-07-19 0:00,719,Thunderbird
2020-07-20 0:00,773,Thunderbird
2020-07-21 0:00,608,Thunderbird
2020-07-22 0:00,605,Thunderbird
2020-07-23 0:00,153,Thunderbird
2020-07-24 0:00,114,Thunderbird
2020-07-25 0:00,733,Thunderbird
2020-07-26 0:00,718,Thunderbird
2020-07-27 0:00,561,Thunderbird
2020-07-28 0:00,668,Thunderbird
2020-07-29 0:00,528,Thunderbird
2020-07-30 0:00,143,Thunderbird
2020-07-31 0:00,108,Thunderbird
2020-08-01 0:00,138,Thunderbird
2020-08-02 0:00,669,Thunderbird
2020-08-03 0:00,774,Thunderbird
2020-08-04 0:00,630,Thunderbird
2020-08-05 0:00,516,Thunderbird
2020-08-06 0:00,172,Thunderbird
2020-08-07 0:00,152,Thunderbird
2020-08-08 0:00,705,Thunderbird
2020-08-09 0:00,647,Thunderbird
2020-08-10 0:00,753,Thunderbird
2020-08-11 0:00,648,Thunderbird
2020-08-12 0:00,573,Thunderbird
2020-08-13 0:00,135,Thunderbird
2020-08-14 0:00,153,Thunderbird
2020-08-15 0:00,633,Thunderbird
2020-08-16 0:00,822,Thunderbird
2020-08-17 0:00,590,Thunderbird
2020-08-18 0:00,626,Thunderbird
2020-08-19 0:00,518,Thunderbird
2020-08-20 0:00,144,Thunderbird
2020-08-21 0:00,124,Thunderbird
2020-08-22 0:00,628,Thunderbird
2020-08-23 0:00,750,Thunderbird
2020-08-24 0:00,696,Thunderbird
2020-08-25 0:00,698,Thunderbird
2020-08-26 0:00,607,Thunderbird
2020-08-27 0:00,1636,Thunderbird
2020-08-28 0:00,306,Thunderbird
2020-08-29 0:00,807,Thunderbird
2020-08-30 0:00,778,Thunderbird
2020-08-31 0:00,1040,Thunderbird
2020-09-01 0:00,1002,Thunderbird
2020-09-02 0:00,766,Thunderbird
2020-09-03 0:00,1329,Thunderbird
2020-09-04 0:00,181,Thunderbird
2020-09-05 0:00,237,Thunderbird
2020-09-06 0:00,1686,Thunderbird
2020-09-07 0:00,2180,Thunderbird
2020-09-08 0:00,1475,Thunderbird
2020-09-09 0:00,1334,Thunderbird
2020-09-10 0:00,442,Thunderbird
2020-09-11 0:00,313,Thunderbird
2020-09-12 0:00,1436,Thunderbird
2020-09-13 0:00,1696,Thunderbird
2020-09-14 0:00,1573,Thunderbird
2020-09-15 0:00,1575,Thunderbird
2020-09-16 0:00,1158,Thunderbird
2020-09-17 0:00,1471,Thunderbird
2020-09-18 0:00,361,Thunderbird
2020-09-19 0:00,538,Thunderbird
2020-09-20 0:00,1865,Thunderbird
2020-09-21 0:00,1547,Thunderbird
2020-09-22 0:00,1818,Thunderbird
2020-09-23 0:00,1645,Thunderbird
2020-09-24 0:00,918,Thunderbird
2020-09-25 0:00,430,Thunderbird
2020-09-26 0:00,1396,Thunderbird
2020-09-27 0:00,1578,Thunderbird
2020-09-28 0:00,1685,Thunderbird
2020-09-29 0:00,1742,Thunderbird
2020-09-30 0:00,387,Thunderbird
2020-10-01 0:00,445,Thunderbird
2020-10-02 0:00,493,Thunderbird
2020-10-03 0:00,1660,Thunderbird
2020-10-04 0:00,2153,Thunderbird
2020-10-05 0:00,1652,Thunderbird
2020-10-06 0:00,1534,Thunderbird
2020-10-07 0:00,1362,Thunderbird
2020-10-08 0:00,435,Thunderbird
2020-10-09 0:00,812,Thunderbird
2020-10-10 0:00,196,Thunderbird
2020-10-11 0:00,1773,Thunderbird
2020-10-12 0:00,1571,Thunderbird
2020-10-13 0:00,1721,Thunderbird
2020-10-14 0:00,1523,Thunderbird
2020-10-15 0:00,807,Thunderbird
2020-10-16 0:00,564,Thunderbird
2020-10-17 0:00,1541,Thunderbird
2020-10-18 0:00,1625,Thunderbird
2020-10-19 0:00,1863,Thunderbird
2020-10-20 0:00,1731,Thunderbird
2020-10-21 0:00,2449,Thunderbird
2020-10-22 0:00,745,Thunderbird
2020-10-23 0:00,647,Thunderbird
2020-10-24 0:00,1826,Thunderbird
2020-10-25 0:00,1610,Thunderbird
2020-10-26 0:00,1936,Thunderbird
2020-10-27 0:00,1820,Thunderbird
2020-10-28 0:00,1136,Thunderbird
2020-10-29 0:00,977,Thunderbird
2020-10-30 0:00,516,Thunderbird
2020-10-31 0:00,1492,Thunderbird
2020-11-01 0:00,1772,Thunderbird
2020-11-02 0:00,1561,Thunderbird
2020-11-03 0:00,1738,Thunderbird
2020-11-04 0:00,1231,Thunderbird
2020-11-05 0:00,673,Thunderbird
2020-11-06 0:00,626,Thunderbird
2020-11-07 0:00,1394,Thunderbird
2020-11-08 0:00,1470,Thunderbird
2020-11-09 0:00,1049,Thunderbird
2020-11-10 0:00,932,Thunderbird
2020-11-11 0:00,382,Thunderbird
2020-11-12 0:00,497,Thunderbird
2020-11-13 0:00,505,Thunderbird
2020-11-14 0:00,1633,Thunderbird
2020-11-15 0:00,1661,Thunderbird
2020-11-16 0:00,1636,Thunderbird
2020-11-17 0:00,1764,Thunderbird
2020-11-18 0:00,1323,Thunderbird
2020-11-19 0:00,593,Thunderbird
2020-11-20 0:00,646,Thunderbird
2020-11-21 0:00,1393,Thunderbird
2020-11-22 0:00,1684,Thunderbird
2020-11-23 0:00,1835,Thunderbird
2020-11-24 0:00,1762,Thunderbird
2020-11-25 0:00,1545,Thunderbird
2020-11-26 0:00,594,Thunderbird
2020-11-27 0:00,673,Thunderbird
2020-11-28 0:00,1840,Thunderbird
2020-11-29 0:00,1602,Thunderbird
2020-11-30 0:00,693,Thunderbird
2020-12-01 0:00,1618,Thunderbird
2020-12-02 0:00,993,Thunderbird
2020-12-03 0:00,547,Thunderbird
2020-12-04 0:00,501,Thunderbird
2020-12-05 0:00,1243,Thunderbird
2020-12-06 0:00,1623,Thunderbird
2020-12-07 0:00,1632,Thunderbird
2020-12-08 0:00,1351,Thunderbird
2020-12-09 0:00,1235,Thunderbird
2020-12-10 0:00,512,Thunderbird
2020-12-11 0:00,659,Thunderbird
2020-12-12 0:00,1582,Thunderbird
2020-12-13 0:00,1381,Thunderbird
2020-12-14 0:00,1276,Thunderbird
2020-12-15 0:00,1244,Thunderbird
2020-12-16 0:00,1025,Thunderbird
2020-12-17 0:00,517,Thunderbird
2020-12-18 0:00,319,Thunderbird
2020-12-19 0:00,665,Thunderbird
2020-12-20 0:00,182,Thunderbird
2020-12-21 0:00,481,Thunderbird
2020-12-22 0:00,535,Thunderbird
2020-12-23 0:00,143,Thunderbird
2020-12-24 0:00,61,Thunderbird
2020-12-25 0:00,39,Thunderbird
2020-12-26 0:00,66,Thunderbird
2020-12-27 0:00,132,Thunderbird
2020-12-28 0:00,148,Thunderbird
2020-12-29 0:00,172,Thunderbird
2020-12-30 0:00,206,Thunderbird
2020-12-31 0:00,70,Thunderbird
2021-01-01 0:00,62,Thunderbird
2021-01-02 0:00,108,Thunderbird
2021-01-03 0:00,627,Thunderbird
2021-01-04 0:00,784,Thunderbird
2021-01-05 0:00,729,Thunderbird
2021-01-06 0:00,661,Thunderbird
2021-01-07 0:00,320,Thunderbird
2021-01-08 0:00,359,Thunderbird
2021-01-09 0:00,1510,Thunderbird
2021-01-10 0:00,1646,Thunderbird
2021-01-11 0:00,1875,Thunderbird
2021-01-12 0:00,1915,Thunderbird
2021-01-13 0:00,1681,Thunderbird
2021-01-14 0:00,676,Thunderbird
2021-01-15 0:00,1774,Thunderbird
2021-01-16 0:00,1709,Thunderbird
2021-01-17 0:00,1903,Thunderbird
2021-01-18 0:00,2155,Thunderbird
2021-01-19 0:00,1715,Thunderbird
2021-01-20 0:00,1551,Thunderbird
2021-01-21 0:00,744,Thunderbird
2021-01-22 0:00,589,Thunderbird
2021-01-23 0:00,1640,Thunderbird
2021-01-24 0:00,1894,Thunderbird
2021-01-25 0:00,1566,Thunderbird
2021-01-26 0:00,1636,Thunderbird
2021-01-27 0:00,1571,Thunderbird
2021-01-28 0:00,591,Thunderbird
2021-01-29 0:00,489,Thunderbird
2021-01-30 0:00,1830,Thunderbird
2021-01-31 0:00,1638,Thunderbird
2021-02-01 0:00,1951,Thunderbird
2021-02-02 0:00,1670,Thunderbird
2021-02-03 0:00,801,Thunderbird
2021-02-04 0:00,360,Thunderbird
2021-02-05 0:00,971,Thunderbird
2021-02-06 0:00,1758,Thunderbird
2021-02-07 0:00,1676,Thunderbird
2021-02-08 0:00,1466,Thunderbird
2021-02-09 0:00,1121,Thunderbird
2021-02-10 0:00,604,Thunderbird
2021-02-11 0:00,504,Thunderbird
2021-02-12 0:00,1209,Thunderbird
2021-02-13 0:00,1333,Thunderbird
2021-02-14 0:00,1444,Thunderbird
2021-02-15 0:00,1214,Thunderbird
2021-02-16 0:00,1054,Thunderbird
2021-02-17 0:00,570,Thunderbird
2021-02-18 0:00,753,Thunderbird
2021-02-19 0:00,1145,Thunderbird
2021-02-20 0:00,924,Thunderbird
2021-02-21 0:00,898,Thunderbird
2021-02-22 0:00,1032,Thunderbird
2021-02-23 0:00,988,Thunderbird
2021-02-24 0:00,1079,Thunderbird
2021-02-25 0:00,1126,Thunderbird
2021-02-26 0:00,1366,Thunderbird
2021-02-27 0:00,1000,Thunderbird
2021-02-28 0:00,505,Thunderbird
2021-03-01 0:00,1331,Thunderbird
2021-03-02 0:00,1364,Thunderbird
2021-03-03 0:00,1084,Thunderbird
2021-03-04 0:00,372,Thunderbird
2021-03-05 0:00,1218,Thunderbird
2021-03-06 0:00,1829,Thunderbird
2021-03-07 0:00,1877,Thunderbird
2021-03-08 0:00,1426,Thunderbird
2021-03-09 0:00,1457,Thunderbird
2021-03-10 0:00,722,Thunderbird
2021-03-11 0:00,480,Thunderbird
2021-03-12 0:00,987,Thunderbird
2021-03-13 0:00,1767,Thunderbird
2021-03-14 0:00,1863,Thunderbird
2021-03-15 0:00,1737,Thunderbird
2021-03-16 0:00,1093,Thunderbird
2021-03-17 0:00,623,Thunderbird
2021-03-18 0:00,479,Thunderbird
2021-03-19 0:00,1203,Thunderbird
2021-03-20 0:00,1261,Thunderbird
2021-03-21 0:00,1098,Thunderbird
2021-03-22 0:00,1155,Thunderbird
2021-03-23 0:00,837,Thunderbird
2021-03-24 0:00,405,Thunderbird
2021-03-25 0:00,536,Thunderbird
2021-03-26 0:00,1110,Thunderbird
2021-03-27 0:00,974,Thunderbird
2021-03-28 0:00,1163,Thunderbird
2021-03-29 0:00,1047,Thunderbird
2021-03-30 0:00,645,Thunderbird
2021-03-31 0:00,763,Thunderbird
2021-04-01 0:00,1643,Thunderbird
2021-04-02 0:00,1347,Thunderbird
2021-04-03 0:00,1136,Thunderbird
2021-04-04 0:00,270,Thunderbird
2021-04-05 0:00,681,Thunderbird
2021-04-06 0:00,1485,Thunderbird
2021-04-07 0:00,2054,Thunderbird
2021-04-08 0:00,1795,Thunderbird
2021-04-09 0:00,1411,Thunderbird
2021-04-10 0:00,970,Thunderbird
2021-04-11 0:00,353,Thunderbird
2021-04-12 0:00,1206,Thunderbird
2021-04-13 0:00,1673,Thunderbird
2021-04-14 0:00,2143,Thunderbird
2021-04-15 0:00,1815,Thunderbird
2021-04-16 0:00,1411,Thunderbird
2021-04-17 0:00,1010,Thunderbird
2021-04-18 0:00,483,Thunderbird
2021-04-19 0:00,1380,Thunderbird
2021-04-20 0:00,1534,Thunderbird
2021-04-21 0:00,1625,Thunderbird
2021-04-22 0:00,1194,Thunderbird
2021-04-23 0:00,1035,Thunderbird
2021-04-24 0:00,475,Thunderbird
2021-04-25 0:00,631,Thunderbird
2021-04-26 0:00,1124,Thunderbird
2021-04-27 0:00,1783,Thunderbird
2021-04-28 0:00,1483,Thunderbird
2021-04-29 0:00,1753,Thunderbird
2021-04-30 0:00,941,Thunderbird
2021-05-01 0:00,294,Thunderbird
2021-05-02 0:00,481,Thunderbird
2021-05-03 0:00,904,Thunderbird
2021-05-04 0:00,749,Thunderbird
2021-05-05 0:00,617,Thunderbird
2021-05-06 0:00,732,Thunderbird
2021-05-07 0:00,511,Thunderbird
2021-05-08 0:00,308,Thunderbird
2021-05-09 0:00,493,Thunderbird
2021-05-10 0:00,886,Thunderbird
2021-05-11 0:00,754,Thunderbird
2021-05-12 0:00,706,Thunderbird
2021-05-13 0:00,825,Thunderbird
2021-05-14 0:00,458,Thunderbird
2021-05-15 0:00,336,Thunderbird
2021-05-16 0:00,346,Thunderbird
2021-05-17 0:00,831,Thunderbird
2021-05-18 0:00,818,Thunderbird
2021-05-19 0:00,650,Thunderbird
2021-05-20 0:00,784,Thunderbird
2021-05-21 0:00,647,Thunderbird
2021-05-22 0:00,263,Thunderbird
2021-05-23 0:00,513,Thunderbird
2021-05-24 0:00,877,Thunderbird
2021-05-25 0:00,911,Thunderbird
2021-05-26 0:00,859,Thunderbird
2021-05-27 0:00,744,Thunderbird
2021-05-28 0:00,507,Thunderbird
2021-05-29 0:00,208,Thunderbird
2021-05-30 0:00,557,Thunderbird
2021-05-31 0:00,812,Thunderbird
2021-06-01 0:00,764,Thunderbird
2021-06-02 0:00,759,Thunderbird
2021-06-03 0:00,590,Thunderbird
2021-06-04 0:00,396,Thunderbird
2021-06-05 0:00,370,Thunderbird
2021-06-06 0:00,132,Thunderbird
2021-06-07 0:00,845,Thunderbird
2021-06-08 0:00,730,Thunderbird
2021-06-09 0:00,740,Thunderbird
2021-06-10 0:00,1166,Thunderbird
2021-06-11 0:00,964,Thunderbird
2021-06-12 0:00,246,Thunderbird
2021-06-13 0:00,723,Thunderbird
2021-06-14 0:00,1015,Thunderbird
2021-06-15 0:00,929,Thunderbird
2021-06-16 0:00,829,Thunderbird
2021-06-17 0:00,635,Thunderbird
2021-06-18 0:00,196,Thunderbird
2021-06-19 0:00,129,Thunderbird
2021-06-20 0:00,792,Thunderbird
2021-06-21 0:00,878,Thunderbird
2021-06-22 0:00,700,Thunderbird
2021-06-23 0:00,621,Thunderbird
2021-06-24 0:00,473,Thunderbird
2021-06-25 0:00,156,Thunderbird
2021-06-26 0:00,750,Thunderbird
2021-06-27 0:00,661,Thunderbird
2021-06-28 0:00,704,Thunderbird
2021-06-29 0:00,640,Thunderbird
2021-06-30 0:00,585,Thunderbird
2021-07-01 0:00,607,Thunderbird
2021-07-02 0:00,465,Thunderbird
2021-07-03 0:00,530,Thunderbird
2021-07-04 0:00,712,Thunderbird
2021-07-05 0:00,792,Thunderbird
2021-07-06 0:00,695,Thunderbird
2021-07-07 0:00,1930,Thunderbird
2021-07-08 0:00,594,Thunderbird
2021-07-09 0:00,102,Thunderbird
2021-07-10 0:00,122,Thunderbird
2021-07-11 0:00,749,Thunderbird
2021-07-12 0:00,795,Thunderbird
2021-07-13 0:00,600,Thunderbird
2021-07-14 0:00,652,Thunderbird
2021-07-15 0:00,567,Thunderbird
2021-07-16 0:00,125,Thunderbird
2021-07-17 0:00,126,Thunderbird
2021-07-18 0:00,715,Thunderbird
2021-07-19 0:00,684,Thunderbird
2021-07-20 0:00,759,Thunderbird
2021-07-21 0:00,536,Thunderbird
2021-07-22 0:00,597,Thunderbird
2021-07-23 0:00,140,Thunderbird
2021-07-24 0:00,140,Thunderbird
2021-07-25 0:00,715,Thunderbird
2021-07-26 0:00,716,Thunderbird
2021-07-27 0:00,621,Thunderbird
2021-07-28 0:00,741,Thunderbird
2021-07-29 0:00,599,Thunderbird
2021-07-30 0:00,138,Thunderbird
2021-07-31 0:00,104,Thunderbird
2021-08-01 0:00,143,Thunderbird
2021-08-02 0:00,645,Thunderbird
2021-08-03 0:00,765,Thunderbird
2021-08-04 0:00,699,Thunderbird
2021-08-05 0:00,497,Thunderbird
2021-08-06 0:00,166,Thunderbird
2021-08-07 0:00,149,Thunderbird
2021-08-08 0:00,662,Thunderbird
2021-08-09 0:00,671,Thunderbird
2021-08-10 0:00,672,Thunderbird
2021-08-11 0:00,707,Thunderbird
2021-08-12 0:00,565,Thunderbird
2021-08-13 0:00,135,Thunderbird
2021-08-14 0:00,134,Thunderbird
2021-08-15 0:00,592,Thunderbird
2021-08-16 0:00,767,Thunderbird
2021-08-17 0:00,582,Thunderbird
2021-08-18 0:00,623,Thunderbird
2021-08-19 0:00,489,Thunderbird
2021-08-20 0:00,146,Thunderbird
2021-08-21 0:00,137,Thunderbird
2021-08-22 0:00,631,Thunderbird
2021-08-23 0:00,774,Thunderbird
2021-08-24 0:00,726,Thunderbird
2021-08-25 0:00,708,Thunderbird
2021-08-26 0:00,654,Thunderbird
2021-08-27 0:00,1476,Thunderbird
2021-08-28 0:00,319,Thunderbird
2021-08-29 0:00,897,Thunderbird
2021-08-30 0:00,800,Thunderbird
2021-08-31 0:00,953,Thunderbird
2021-09-01 0:00,875,Thunderbird
2021-09-02 0:00,722,Thunderbird
2021-09-03 0:00,1165,Thunderbird
2021-09-04 0:00,189,Thunderbird
2021-09-05 0:00,255,Thunderbird
2021-09-06 0:00,1543,Thunderbird
2021-09-07 0:00,2369,Thunderbird
2021-09-08 0:00,1470,Thunderbird
2021-09-09 0:00,1398,Thunderbird
2021-09-10 0:00,438,Thunderbird
2021-09-11 0:00,303,Thunderbird
2021-09-12 0:00,1577,Thunderbird
2021-09-13 0:00,1652,Thunderbird
2021-09-14 0:00,1470,Thunderbird
2021-09-15 0:00,1746,Thunderbird
2021-09-16 0:00,1218,Thunderbird
2021-09-17 0:00,1522,Thunderbird
2021-09-18 0:00,370,Thunderbird
2021-09-19 0:00,529,Thunderbird
2021-09-20 0:00,1637,Thunderbird
2021-09-21 0:00,1486,Thunderbird
2021-09-22 0:00,1686,Thunderbird
2021-09-23 0:00,1601,Thunderbird
2021-09-24 0:00,1072,Thunderbird
2021-09-25 0:00,395,Thunderbird
2021-09-26 0:00,1438,Thunderbird
2021-09-27 0:00,1449,Thunderbird
2021-09-28 0:00,1650,Thunderbird
2021-09-29 0:00,1652,Thunderbird
2021-09-30 0:00,376,Thunderbird
2021-10-01 0:00,428,Thunderbird
2021-10-02 0:00,470,Thunderbird
2021-10-03 0:00,1685,Thunderbird
2021-10-04 0:00,1958,Thunderbird
2021-10-05 0:00,1582,Thunderbird
2021-10-06 0:00,1648,Thunderbird
2021-10-07 0:00,1351,Thunderbird
2021-10-08 0:00,448,Thunderbird
2021-10-09 0:00,897,Thunderbird
2021-10-10 0:00,194,Thunderbird
2021-10-11 0:00,1719,Thunderbird
2021-10-12 0:00,1632,Thunderbird
2021-10-13 0:00,1888,Thunderbird
2021-10-14 0:00,1587,Thunderbird
2021-10-15 0:00,789,Thunderbird
2021-10-16 0:00,565,Thunderbird
2021-10-17 0:00,1561,Thunderbird
2021-10-18 0:00,1676,Thunderbird
2021-10-19 0:00,1773,Thunderbird
2021-10-20 0:00,1658,Thunderbird
2021-10-21 0:00,2311,Thunderbird
2021-10-22 0:00,770,Thunderbird
2021-10-23 0:00,622,Thunderbird
2021-10-24 0:00,1741,Thunderbird
2021-10-25 0:00,1726,Thunderbird
2021-10-26 0:00,1801,Thunderbird
2021-10-27 0:00,1880,Thunderbird
2021-10-28 0:00,1151,Thunderbird
2021-10-29 0:00,984,Thunderbird
2021-10-30 0:00,542,Thunderbird
2021-10-31 0:00,1706,Thunderbird
2021-11-01 0:00,1738,Thunderbird
2021-11-02 0:00,1640,Thunderbird
2021-11-03 0:00,1716,Thunderbird
2021-11-04 0:00,1402,Thunderbird
2021-11-05 0:00,631,Thunderbird
2021-11-06 0:00,649,Thunderbird
2021-11-07 0:00,1537,Thunderbird
2021-11-08 0:00,1475,Thunderbird
2021-11-09 0:00,973,Thunderbird
2021-11-10 0:00,950,Thunderbird
2021-11-11 0:00,411,Thunderbird
2021-11-12 0:00,482,Thunderbird
2021-11-13 0:00,532,Thunderbird
2021-11-14 0:00,1768,Thunderbird
2021-11-15 0:00,1820,Thunderbird
2021-11-16 0:00,1684,Thunderbird
2021-11-17 0:00,1888,Thunderbird
2021-11-18 0:00,1352,Thunderbird
2021-11-19 0:00,603,Thunderbird
2021-11-20 0:00,579,Thunderbird
2021-11-21 0:00,1420,Thunderbird
2021-11-22 0:00,1711,Thunderbird
2021-11-23 0:00,1773,Thunderbird
2021-11-24 0:00,1604,Thunderbird
2021-11-25 0:00,1613,Thunderbird
2021-11-26 0:00,556,Thunderbird
2021-11-27 0:00,660,Thunderbird
2021-11-28 0:00,1623,Thunderbird
2021-11-29 0:00,1529,Thunderbird
2021-11-30 0:00,612,Thunderbird
2021-12-01 0:00,1492,Thunderbird
2021-12-02 0:00,1004,Thunderbird
2021-12-03 0:00,565,Thunderbird
2021-12-04 0:00,544,Thunderbird
2021-12-05 0:00,1256,Thunderbird
2021-12-06 0:00,1508,Thunderbird
2021-12-07 0:00,1693,Thunderbird
2021-12-08 0:00,1343,Thunderbird
2021-12-09 0:00,1306,Thunderbird
2021-12-10 0:00,518,Thunderbird
2021-12-11 0:00,633,Thunderbird
2021-12-12 0:00,1411,Thunderbird
2021-12-13 0:00,1275,Thunderbird
2021-12-14 0:00,1256,Thunderbird
2021-12-15 0:00,1190,Thunderbird
2021-12-16 0:00,975,Thunderbird
2021-12-17 0:00,542,Thunderbird
2021-12-18 0:00,329,Thunderbird
2021-12-19 0:00,669,Thunderbird
2021-12-20 0:00,184,Thunderbird
2021-12-21 0:00,533,Thunderbird
2021-12-22 0:00,530,Thunderbird
2021-12-23 0:00,140,Thunderbird
2021-12-24 0:00,58,Thunderbird
2021-12-25 0:00,41,Thunderbird
2021-12-26 0:00,80,Thunderbird
2021-12-27 0:00,138,Thunderbird
2021-12-28 0:00,170,Thunderbird
2021-12-29 0:00,174,Thunderbird
2021-12-30 0:00,183,Thunderbird
2021-12-31 0:00,72,Thunderbird
2022-01-01 0:00,59,Thunderbird
2022-01-02 0:00,104,Thunderbird
2022-01-03 0:00,660,Thunderbird
2022-01-04 0:00,745,Thunderbird
2022-01-05 0:00,734,Thunderbird
2022-01-06 0:00,649,Thunderbird
2022-01-07 0:00,354,Thunderbird
2022-01-08 0:00,314,Thunderbird
2022-01-09 0:00,1577,Thunderbird
2022-01-10 0:00,1642,Thunderbird
2022-01-11 0:00,1752,Thunderbird
2022-01-12 0:00,1856,Thunderbird
2022-01-13 0:00,1628,Thunderbird
2022-01-14 0:00,627,Thunderbird
2022-01-15 0:00,1698,Thunderbird
2022-01-16 0:00,1724,Thunderbird
2022-01-17 0:00,1977,Thunderbird
2022-01-18 0:00,2109,Thunderbird
2022-01-19 0:00,1800,Thunderbird
2022-01-20 0:00,1485,Thunderbird
2022-01-21 0:00,729,Thunderbird
2022-01-22 0:00,631,Thunderbird
2022-01-23 0:00,1747,Thunderbird
2022-01-24 0:00,1772,Thunderbird
2022-01-25 0:00,1612,Thunderbird
2022-01-26 0:00,1729,Thunderbird
2022-01-27 0:00,1483,Thunderbird
2022-01-28 0:00,587,Thunderbird
2022-01-29 0:00,573,Thunderbird
2022-01-30 0:00,1831,Thunderbird
2022-01-31 0:00,1549,Thunderbird
2022-02-01 0:00,1914,Thunderbird
2022-02-02 0:00,1571,Thunderbird
2022-02-03 0:00,930,Thunderbird
2022-02-04 0:00,385,Thunderbird
2022-02-05 0:00,952,Thunderbird
2022-02-06 0:00,1630,Thunderbird
2022-02-07 0:00,1561,Thunderbird
2022-02-08 0:00,1509,Thunderbird
2022-02-09 0:00,1147,Thunderbird
2022-02-10 0:00,566,Thunderbird
2022-02-11 0:00,484,Thunderbird
2022-02-12 0:00,1148,Thunderbird
2022-02-13 0:00,1262,Thunderbird
2022-02-14 0:00,1424,Thunderbird
2022-02-15 0:00,1326,Thunderbird
2022-02-16 0:00,949,Thunderbird
2022-02-17 0:00,567,Thunderbird
2022-02-18 0:00,822,Thunderbird
2022-02-19 0:00,1146,Thunderbird
2022-02-20 0:00,984,Thunderbird
2022-02-21 0:00,830,Thunderbird
2022-02-22 0:00,979,Thunderbird
2022-02-23 0:00,1034,Thunderbird
2022-02-24 0:00,1024,Thunderbird
2022-02-25 0:00,1216,Thunderbird
2022-02-26 0:00,1349,Thunderbird
2022-02-27 0:00,1023,Thunderbird
2022-02-28 0:00,551,Thunderbird
2022-03-01 0:00,1622,Thunderbird
2022-03-02 0:00,1341,Thunderbird
2022-03-03 0:00,1142,Thunderbird
2022-03-04 0:00,383,Thunderbird
2022-03-05 0:00,1192,Thunderbird
2022-03-06 0:00,1708,Thunderbird
2022-03-07 0:00,1995,Thunderbird
2022-03-08 0:00,1533,Thunderbird
2022-03-09 0:00,1305,Thunderbird
2022-03-10 0:00,828,Thunderbird
2022-03-11 0:00,465,Thunderbird
2022-03-12 0:00,1198,Thunderbird
2022-03-13 0:00,1708,Thunderbird
2022-03-14 0:00,1885,Thunderbird
2022-03-15 0:00,1648,Thunderbird
2022-03-16 0:00,1109,Thunderbird
2022-03-17 0:00,644,Thunderbird
2022-03-18 0:00,472,Thunderbird
2022-03-19 0:00,1075,Thunderbird
2022-03-20 0:00,1265,Thunderbird
2022-03-21 0:00,1286,Thunderbird
2022-03-22 0:00,1166,Thunderbird
2022-03-23 0:00,890,Thunderbird
2022-03-24 0:00,388,Thunderbird
2022-03-25 0:00,513,Thunderbird
2022-03-26 0:00,1088,Thunderbird
2022-03-27 0:00,1010,Thunderbird
2022-03-28 0:00,1049,Thunderbird
2022-03-29 0:00,1080,Thunderbird
2022-03-30 0:00,677,Thunderbird
2022-03-31 0:00,734,Thunderbird
2022-04-01 0:00,1572,Thunderbird
2022-04-02 0:00,1318,Thunderbird
2022-04-03 0:00,1198,Thunderbird
2022-04-04 0:00,273,Thunderbird
2022-04-05 0:00,761,Thunderbird
2022-04-06 0:00,1554,Thunderbird
2022-04-07 0:00,2100,Thunderbird
2022-04-08 0:00,1662,Thunderbird
2022-04-09 0:00,1446,Thunderbird
2022-04-10 0:00,1009,Thunderbird
2022-04-11 0:00,358,Thunderbird
2022-04-12 0:00,1172,Thunderbird
2022-04-13 0:00,1722,Thunderbird
2022-04-14 0:00,2099,Thunderbird
2022-04-15 0:00,1701,Thunderbird
2022-04-16 0:00,1252,Thunderbird
2022-04-17 0:00,1034,Thunderbird
2022-04-18 0:00,439,Thunderbird
2022-04-19 0:00,1395,Thunderbird
2022-04-20 0:00,1698,Thunderbird
2022-04-21 0:00,1660,Thunderbird
2022-04-22 0:00,1345,Thunderbird
2022-04-23 0:00,1119,Thunderbird
2022-04-24 0:00,555,Thunderbird
2022-04-25 0:00,603,Thunderbird
2022-04-26 0:00,1129,Thunderbird
2022-04-27 0:00,1620,Thunderbird
2022-04-28 0:00,1744,Thunderbird
2022-04-29 0:00,1708,Thunderbird
2022-04-30 0:00,1037,Thunderbird
2022-05-01 0:00,302,Thunderbird
2022-05-02 0:00,455,Thunderbird
2022-05-03 0:00,880,Thunderbird
2022-05-04 0:00,747,Thunderbird
2022-05-05 0:00,705,Thunderbird
2022-05-06 0:00,769,Thunderbird
2022-05-07 0:00,535,Thunderbird
2022-05-08 0:00,279,Thunderbird
2022-05-09 0:00,485,Thunderbird
2022-05-10 0:00,870,Thunderbird
2022-05-11 0:00,722,Thunderbird
2022-05-12 0:00,703,Thunderbird
2022-05-13 0:00,798,Thunderbird
2022-05-14 0:00,467,Thunderbird
2022-05-15 0:00,295,Thunderbird
2022-05-16 0:00,337,Thunderbird
2022-05-17 0:00,865,Thunderbird
2022-05-18 0:00,768,Thunderbird
2022-05-19 0:00,702,Thunderbird
2022-05-20 0:00,906,Thunderbird
2022-05-21 0:00,584,Thunderbird
2022-05-22 0:00,291,Thunderbird
2022-05-23 0:00,499,Thunderbird
2022-05-24 0:00,967,Thunderbird
2022-05-25 0:00,828,Thunderbird
2022-05-26 0:00,804,Thunderbird
2022-05-27 0:00,724,Thunderbird
2022-05-28 0:00,484,Thunderbird
2022-05-29 0:00,214,Thunderbird
2022-05-30 0:00,570,Thunderbird
2022-05-31 0:00,803,Thunderbird
2022-06-01 0:00,748,Thunderbird
2022-06-02 0:00,743,Thunderbird
2022-06-03 0:00,733,Thunderbird
2022-06-04 0:00,375,Thunderbird
2022-06-05 0:00,360,Thunderbird
2022-06-06 0:00,121,Thunderbird
2022-06-07 0:00,873,Thunderbird
2022-06-08 0:00,804,Thunderbird
2022-06-09 0:00,774,Thunderbird
2022-06-10 0:00,1227,Thunderbird
2022-06-11 0:00,891,Thunderbird
2022-06-12 0:00,250,Thunderbird
2022-06-13 0:00,781,Thunderbird
2022-06-14 0:00,872,Thunderbird
2022-06-15 0:00,876,Thunderbird
2022-06-16 0:00,830,Thunderbird
2022-06-17 0:00,614,Thunderbird
2022-06-18 0:00,200,Thunderbird
2022-06-19 0:00,133,Thunderbird
2022-06-20 0:00,695,Thunderbird
2022-06-21 0:00,814,Thunderbird
2022-06-22 0:00,744,Thunderbird
2022-06-23 0:00,707,Thunderbird
2022-06-24 0:00,504,Thunderbird
2022-06-25 0:00,146,Thunderbird
2022-06-26 0:00,796,Thunderbird
2022-06-27 0:00,692,Thunderbird
2022-06-28 0:00,735,Thunderbird
2022-06-29 0:00,692,Thunderbird
2022-06-30 0:00,583,Thunderbird
2022-07-01 0:00,552,Thunderbird
2022-07-02 0:00,441,Thunderbird
2022-07-03 0:00,537,Thunderbird
2022-07-04 0:00,655,Thunderbird
2022-07-05 0:00,724,Thunderbird
2022-07-06 0:00,732,Thunderbird
2022-07-07 0:00,1822,Thunderbird
2022-07-08 0:00,540,Thunderbird
2022-07-09 0:00,97,Thunderbird
2022-07-10 0:00,115,Thunderbird
2022-07-11 0:00,726,Thunderbird
2022-07-12 0:00,735,Thunderbird
2022-07-13 0:00,713,Thunderbird
2022-07-14 0:00,720,Thunderbird
2022-07-15 0:00,550,Thunderbird
2022-07-16 0:00,122,Thunderbird
2022-07-17 0:00,117,Thunderbird
2022-07-18 0:00,690,Thunderbird
2022-07-19 0:00,661,Thunderbird
2022-07-20 0:00,691,Thunderbird
2022-07-21 0:00,664,Thunderbird
2022-07-22 0:00,526,Thunderbird
2022-07-23 0:00,138,Thunderbird
2022-07-24 0:00,121,Thunderbird
2022-07-25 0:00,665,Thunderbird
2022-07-26 0:00,761,Thunderbird
2022-07-27 0:00,729,Thunderbird
2022-07-28 0:00,660,Thunderbird
2022-07-29 0:00,521,Thunderbird
2022-07-30 0:00,136,Thunderbird
2022-07-31 0:00,93,Thunderbird
2022-08-01 0:00,135,Thunderbird
2022-08-02 0:00,684,Thunderbird
2022-08-03 0:00,751,Thunderbird
2022-08-04 0:00,677,Thunderbird
2022-08-05 0:00,490,Thunderbird
2022-08-06 0:00,149,Thunderbird
2022-08-07 0:00,149,Thunderbird
2022-08-08 0:00,586,Thunderbird
2022-08-09 0:00,675,Thunderbird
2022-08-10 0:00,707,Thunderbird
2022-08-11 0:00,683,Thunderbird
2022-08-12 0:00,500,Thunderbird
2022-08-13 0:00,131,Thunderbird
2022-08-14 0:00,132,Thunderbird
2022-08-15 0:00,646,Thunderbird
2022-08-16 0:00,699,Thunderbird
2022-08-17 0:00,637,Thunderbird
2022-08-18 0:00,616,Thunderbird
2022-08-19 0:00,474,Thunderbird
2022-08-20 0:00,136,Thunderbird
2022-08-21 0:00,156,Thunderbird
2022-08-22 0:00,679,Thunderbird
2022-08-23 0:00,743,Thunderbird
2022-08-24 0:00,738,Thunderbird
2022-08-25 0:00,702,Thunderbird
2022-08-26 0:00,656,Thunderbird
2022-08-27 0:00,1557,Thunderbird
2022-08-28 0:00,305,Thunderbird
2022-08-29 0:00,804,Thunderbird
2022-08-30 0:00,748,Thunderbird
2022-08-31 0:00,908,Thunderbird
2022-09-01 0:00,870,Thunderbird
2022-09-02 0:00,759,Thunderbird
2022-09-03 0:00,1178,Thunderbird
2022-09-04 0:00,192,Thunderbird
2022-09-05 0:00,268,Thunderbird
2022-09-06 0:00,1310,Thunderbird
2022-09-07 0:00,2588,Thunderbird
2022-09-08 0:00,1665,Thunderbird
2022-09-09 0:00,1458,Thunderbird
2022-09-10 0:00,428,Thunderbird
2022-09-11 0:00,308,Thunderbird
2022-09-12 0:00,1562,Thunderbird
2022-09-13 0:00,1663,Thunderbird
2022-09-14 0:00,1819,Thunderbird
2022-09-15 0:00,1667,Thunderbird
2022-09-16 0:00,1359,Thunderbird
2022-09-17 0:00,1557,Thunderbird
2022-09-18 0:00,373,Thunderbird
2022-09-19 0:00,554,Thunderbird
2022-09-20 0:00,1668,Thunderbird
2022-09-21 0:00,1764,Thunderbird
2022-09-22 0:00,1615,Thunderbird
2022-09-23 0:00,1618,Thunderbird
2022-09-24 0:00,1054,Thunderbird
2022-09-25 0:00,401,Thunderbird
2022-09-26 0:00,1561,Thunderbird
2022-09-27 0:00,1661,Thunderbird
2022-09-28 0:00,1707,Thunderbird
2022-09-29 0:00,1612,Thunderbird
2022-09-30 0:00,394,Thunderbird
2022-10-01 0:00,476,Thunderbird
2022-10-02 0:00,442,Thunderbird
2022-10-03 0:00,1665,Thunderbird
2022-10-04 0:00,1705,Thunderbird
2022-10-05 0:00,1700,Thunderbird
2022-10-06 0:00,1663,Thunderbird
2022-10-07 0:00,1387,Thunderbird
2022-10-08 0:00,416,Thunderbird
2022-10-09 0:00,883,Thunderbird
2022-10-10 0:00,195,Thunderbird
2022-10-11 0:00,1668,Thunderbird
2022-10-12 0:00,1785,Thunderbird
2022-10-13 0:00,1692,Thunderbird
2022-10-14 0:00,1529,Thunderbird
2022-10-15 0:00,765,Thunderbird
2022-10-16 0:00,606,Thunderbird
2022-10-17 0:00,1614,Thunderbird
2022-10-18 0:00,1693,Thunderbird
2022-10-19 0:00,1770,Thunderbird
2022-10-20 0:00,1698,Thunderbird
2022-10-21 0:00,2499,Thunderbird
2022-10-22 0:00,814,Thunderbird
2022-10-23 0:00,590,Thunderbird
2022-10-24 0:00,1603,Thunderbird
2022-10-25 0:00,1708,Thunderbird
2022-10-26 0:00,1755,Thunderbird
2022-10-27 0:00,1751,Thunderbird
2022-10-28 0:00,1436,Thunderbird
2022-10-29 0:00,966,Thunderbird
2022-10-30 0:00,546,Thunderbird
2022-10-31 0:00,1578,Thunderbird
2022-11-01 0:00,1730,Thunderbird
2022-11-02 0:00,1761,Thunderbird
2022-11-03 0:00,1687,Thunderbird
2022-11-04 0:00,1482,Thunderbird
2022-11-05 0:00,626,Thunderbird
2022-11-06 0:00,588,Thunderbird
2022-11-07 0:00,1550,Thunderbird
2022-11-08 0:00,1506,Thunderbird
2022-11-09 0:00,1003,Thunderbird
2022-11-10 0:00,873,Thunderbird
2022-11-11 0:00,426,Thunderbird
2022-11-12 0:00,485,Thunderbird
2022-11-13 0:00,539,Thunderbird
2022-11-14 0:00,1677,Thunderbird
2022-11-15 0:00,1711,Thunderbird
2022-11-16 0:00,1750,Thunderbird
2022-11-17 0:00,1608,Thunderbird
2022-11-18 0:00,1435,Thunderbird
2022-11-19 0:00,626,Thunderbird
2022-11-20 0:00,623,Thunderbird
2022-11-21 0:00,1683,Thunderbird
2022-11-22 0:00,1587,Thunderbird
2022-11-23 0:00,1701,Thunderbird
2022-11-24 0:00,1584,Thunderbird
2022-11-25 0:00,1655,Thunderbird
2022-11-26 0:00,542,Thunderbird
2022-11-27 0:00,583,Thunderbird
2022-11-28 0:00,1683,Thunderbird
2022-11-29 0:00,1557,Thunderbird
2022-11-30 0:00,677,Thunderbird
2022-12-01 0:00,1425,Thunderbird
2022-12-02 0:00,1163,Thunderbird
2022-12-03 0:00,539,Thunderbird
2022-12-04 0:00,499,Thunderbird
2022-12-05 0:00,1560,Thunderbird
2022-12-06 0:00,1529,Thunderbird
2022-12-07 0:00,1619,Thunderbird
2022-12-08 0:00,1434,Thunderbird
2022-12-09 0:00,1207,Thunderbird
2022-12-10 0:00,488,Thunderbird
2022-12-11 0:00,625,Thunderbird
2022-12-12 0:00,1293,Thunderbird
2022-12-13 0:00,1248,Thunderbird
2022-12-14 0:00,1320,Thunderbird
2022-12-15 0:00,1157,Thunderbird
2022-12-16 0:00,1006,Thunderbird
2022-12-17 0:00,542,Thunderbird
2022-12-18 0:00,349,Thunderbird
2022-12-19 0:00,732,Thunderbird
2022-12-20 0:00,174,Thunderbird
2022-12-21 0:00,528,Thunderbird
2022-12-22 0:00,463,Thunderbird
2022-12-23 0:00,139,Thunderbird
2022-12-24 0:00,60,Thunderbird
2022-12-25 0:00,45,Thunderbird
2022-12-26 0:00,82,Thunderbird
2022-12-27 0:00,133,Thunderbird
2022-12-28 0:00,164,Thunderbird
2022-12-29 0:00,177,Thunderbird
2022-12-30 0:00,169,Thunderbird
2022-12-31 0:00,75,Thunderbird
2023-01-01 0:00,57,Thunderbird
2023-01-02 0:00,107,Thunderbird
2023-01-03 0:00,724,Thunderbird
2023-01-04 0:00,764,Thunderbird
2023-01-05 0:00,724,Thunderbird
2023-01-06 0:00,713,Thunderbird
2023-01-07 0:00,342,Thunderbird
2023-01-08 0:00,336,Thunderbird
2023-01-09 0:00,1644,Thunderbird
2023-01-10 0:00,1734,Thunderbird
2023-01-11 0:00,1775,Thunderbird
2023-01-12 0:00,1830,Thunderbird
2023-01-13 0:00,1513,Thunderbird
2023-01-14 0:00,646,Thunderbird
2023-01-15 0:00,1699,Thunderbird
2023-01-16 0:00,1749,Thunderbird
2023-01-17 0:00,1882,Thunderbird
2023-01-18 0:00,1886,Thunderbird
2023-01-19 0:00,1896,Thunderbird
2023-01-20 0:00,1541,Thunderbird
2023-01-21 0:00,713,Thunderbird
2023-01-22 0:00,574,Thunderbird
2023-01-23 0:00,1684,Thunderbird
2023-01-24 0:00,1731,Thunderbird
2023-01-25 0:00,1784,Thunderbird
2023-01-26 0:00,1864,Thunderbird
2023-01-27 0:00,1478,Thunderbird
2023-01-28 0:00,559,Thunderbird
2023-01-29 0:00,612,Thunderbird
2023-01-30 0:00,1678,Thunderbird
2023-01-31 0:00,1583,Thunderbird
2023-02-01 0:00,1824,Thunderbird
2023-02-02 0:00,1513,Thunderbird
